,attr1,attr2,count,log_count
0,address,address,0.0,0.0
1,address,affiliate,0.0,0.0
2,address,affiliation,1.0,0.6931471805599453
3,address,age,0.0,0.0
4,address,album,0.0,0.0
5,address,area,2.0,1.0986122886681098
6,address,artist,0.0,0.0
7,address,birthDate,0.0,0.0
8,address,birthPlace,0.0,0.0
9,address,brand,3.0,1.3862943611198906
10,address,capacity,0.0,0.0
11,address,category,1.0,0.6931471805599453
12,address,city,55.0,4.02535169073515
13,address,class,0.0,0.0
14,address,classification,0.0,0.0
15,address,club,0.0,0.0
16,address,code,5.0,1.791759469228055
17,address,collection,0.0,0.0
18,address,command,0.0,0.0
19,address,company,2.0,1.0986122886681098
20,address,component,0.0,0.0
21,address,continent,0.0,0.0
22,address,country,3.0,1.3862943611198906
23,address,county,0.0,0.0
24,address,creator,0.0,0.0
25,address,credit,0.0,0.0
26,address,currency,0.0,0.0
27,address,day,5.0,1.791759469228055
28,address,depth,0.0,0.0
29,address,description,4.0,1.6094379124341003
30,address,director,0.0,0.0
31,address,duration,2.0,1.0986122886681098
32,address,education,0.0,0.0
33,address,elevation,150.0,5.017279836814924
34,address,family,0.0,0.0
35,address,fileSize,0.0,0.0
36,address,format,0.0,0.0
37,address,gender,0.0,0.0
38,address,genre,0.0,0.0
39,address,grades,1.0,0.6931471805599453
40,address,isbn,0.0,0.0
41,address,industry,0.0,0.0
42,address,jockey,0.0,0.0
43,address,language,0.0,0.0
44,address,location,8.0,2.1972245773362196
45,address,manufacturer,0.0,0.0
46,address,name,331.0,5.805134968916488
47,address,nationality,0.0,0.0
48,address,notes,2.0,1.0986122886681098
49,address,operator,0.0,0.0
50,address,order,0.0,0.0
51,address,organisation,0.0,0.0
52,address,origin,0.0,0.0
53,address,owner,9.0,2.302585092994046
54,address,person,0.0,0.0
55,address,plays,0.0,0.0
56,address,position,0.0,0.0
57,address,product,0.0,0.0
58,address,publisher,0.0,0.0
59,address,range,0.0,0.0
60,address,rank,2.0,1.0986122886681098
61,address,ranking,0.0,0.0
62,address,region,12.0,2.5649493574615367
63,address,religion,0.0,0.0
64,address,requirement,0.0,0.0
65,address,result,0.0,0.0
66,address,sales,0.0,0.0
67,address,service,5.0,1.791759469228055
68,address,sex,0.0,0.0
69,address,species,0.0,0.0
70,address,state,25.0,3.258096538021482
71,address,status,13.0,2.6390573296152584
72,address,symbol,0.0,0.0
73,address,team,0.0,0.0
74,address,teamName,0.0,0.0
75,address,type,160.0,5.081404364984463
76,address,weight,0.0,0.0
77,address,year,0.0,0.0
78,affiliate,affiliate,0.0,0.0
79,affiliate,affiliation,0.0,0.0
80,affiliate,age,0.0,0.0
81,affiliate,album,0.0,0.0
82,affiliate,area,0.0,0.0
83,affiliate,artist,0.0,0.0
84,affiliate,birthDate,0.0,0.0
85,affiliate,birthPlace,0.0,0.0
86,affiliate,brand,0.0,0.0
87,affiliate,capacity,0.0,0.0
88,affiliate,category,0.0,0.0
89,affiliate,city,0.0,0.0
90,affiliate,class,0.0,0.0
91,affiliate,classification,0.0,0.0
92,affiliate,club,0.0,0.0
93,affiliate,code,0.0,0.0
94,affiliate,collection,0.0,0.0
95,affiliate,command,0.0,0.0
96,affiliate,company,0.0,0.0
97,affiliate,component,0.0,0.0
98,affiliate,continent,0.0,0.0
99,affiliate,country,0.0,0.0
100,affiliate,county,0.0,0.0
101,affiliate,creator,0.0,0.0
102,affiliate,credit,0.0,0.0
103,affiliate,currency,0.0,0.0
104,affiliate,day,0.0,0.0
105,affiliate,depth,0.0,0.0
106,affiliate,description,0.0,0.0
107,affiliate,director,0.0,0.0
108,affiliate,duration,0.0,0.0
109,affiliate,education,0.0,0.0
110,affiliate,elevation,0.0,0.0
111,affiliate,family,0.0,0.0
112,affiliate,fileSize,0.0,0.0
113,affiliate,format,0.0,0.0
114,affiliate,gender,0.0,0.0
115,affiliate,genre,0.0,0.0
116,affiliate,grades,0.0,0.0
117,affiliate,isbn,0.0,0.0
118,affiliate,industry,0.0,0.0
119,affiliate,jockey,0.0,0.0
120,affiliate,language,0.0,0.0
121,affiliate,location,0.0,0.0
122,affiliate,manufacturer,0.0,0.0
123,affiliate,name,0.0,0.0
124,affiliate,nationality,0.0,0.0
125,affiliate,notes,0.0,0.0
126,affiliate,operator,0.0,0.0
127,affiliate,order,0.0,0.0
128,affiliate,organisation,0.0,0.0
129,affiliate,origin,0.0,0.0
130,affiliate,owner,0.0,0.0
131,affiliate,person,0.0,0.0
132,affiliate,plays,0.0,0.0
133,affiliate,position,0.0,0.0
134,affiliate,product,0.0,0.0
135,affiliate,publisher,0.0,0.0
136,affiliate,range,0.0,0.0
137,affiliate,rank,1.0,0.6931471805599453
138,affiliate,ranking,0.0,0.0
139,affiliate,region,0.0,0.0
140,affiliate,religion,0.0,0.0
141,affiliate,requirement,0.0,0.0
142,affiliate,result,0.0,0.0
143,affiliate,sales,0.0,0.0
144,affiliate,service,0.0,0.0
145,affiliate,sex,0.0,0.0
146,affiliate,species,0.0,0.0
147,affiliate,state,0.0,0.0
148,affiliate,status,0.0,0.0
149,affiliate,symbol,0.0,0.0
150,affiliate,team,0.0,0.0
151,affiliate,teamName,0.0,0.0
152,affiliate,type,14.0,2.70805020110221
153,affiliate,weight,0.0,0.0
154,affiliate,year,0.0,0.0
155,affiliation,affiliation,0.0,0.0
156,affiliation,age,1.0,0.6931471805599453
157,affiliation,album,0.0,0.0
158,affiliation,area,0.0,0.0
159,affiliation,artist,0.0,0.0
160,affiliation,birthDate,0.0,0.0
161,affiliation,birthPlace,0.0,0.0
162,affiliation,brand,0.0,0.0
163,affiliation,capacity,0.0,0.0
164,affiliation,category,0.0,0.0
165,affiliation,city,2.0,1.0986122886681098
166,affiliation,class,0.0,0.0
167,affiliation,classification,0.0,0.0
168,affiliation,club,0.0,0.0
169,affiliation,code,0.0,0.0
170,affiliation,collection,0.0,0.0
171,affiliation,command,0.0,0.0
172,affiliation,company,0.0,0.0
173,affiliation,component,0.0,0.0
174,affiliation,continent,0.0,0.0
175,affiliation,country,0.0,0.0
176,affiliation,county,0.0,0.0
177,affiliation,creator,0.0,0.0
178,affiliation,credit,0.0,0.0
179,affiliation,currency,0.0,0.0
180,affiliation,day,0.0,0.0
181,affiliation,depth,0.0,0.0
182,affiliation,description,0.0,0.0
183,affiliation,director,0.0,0.0
184,affiliation,duration,0.0,0.0
185,affiliation,education,0.0,0.0
186,affiliation,elevation,0.0,0.0
187,affiliation,family,0.0,0.0
188,affiliation,fileSize,0.0,0.0
189,affiliation,format,0.0,0.0
190,affiliation,gender,0.0,0.0
191,affiliation,genre,0.0,0.0
192,affiliation,grades,0.0,0.0
193,affiliation,isbn,0.0,0.0
194,affiliation,industry,0.0,0.0
195,affiliation,jockey,0.0,0.0
196,affiliation,language,0.0,0.0
197,affiliation,location,1.0,0.6931471805599453
198,affiliation,manufacturer,0.0,0.0
199,affiliation,name,188.0,5.241747015059643
200,affiliation,nationality,0.0,0.0
201,affiliation,notes,0.0,0.0
202,affiliation,operator,0.0,0.0
203,affiliation,order,0.0,0.0
204,affiliation,organisation,0.0,0.0
205,affiliation,origin,0.0,0.0
206,affiliation,owner,0.0,0.0
207,affiliation,person,0.0,0.0
208,affiliation,plays,0.0,0.0
209,affiliation,position,1.0,0.6931471805599453
210,affiliation,product,0.0,0.0
211,affiliation,publisher,0.0,0.0
212,affiliation,range,0.0,0.0
213,affiliation,rank,6.0,1.9459101490553132
214,affiliation,ranking,0.0,0.0
215,affiliation,region,0.0,0.0
216,affiliation,religion,0.0,0.0
217,affiliation,requirement,0.0,0.0
218,affiliation,result,0.0,0.0
219,affiliation,sales,0.0,0.0
220,affiliation,service,0.0,0.0
221,affiliation,sex,1.0,0.6931471805599453
222,affiliation,species,0.0,0.0
223,affiliation,state,0.0,0.0
224,affiliation,status,0.0,0.0
225,affiliation,symbol,0.0,0.0
226,affiliation,team,0.0,0.0
227,affiliation,teamName,0.0,0.0
228,affiliation,type,2.0,1.0986122886681098
229,affiliation,weight,0.0,0.0
230,affiliation,year,4.0,1.6094379124341003
231,age,age,0.0,0.0
232,age,album,0.0,0.0
233,age,area,1.0,0.6931471805599453
234,age,artist,0.0,0.0
235,age,birthDate,19.0,2.995732273553991
236,age,birthPlace,37.0,3.6375861597263857
237,age,brand,0.0,0.0
238,age,capacity,0.0,0.0
239,age,category,1.0,0.6931471805599453
240,age,city,364.0,5.8998973535824915
241,age,class,1.0,0.6931471805599453
242,age,classification,0.0,0.0
243,age,club,1747.0,7.466227556215481
244,age,code,1.0,0.6931471805599453
245,age,collection,0.0,0.0
246,age,command,0.0,0.0
247,age,company,0.0,0.0
248,age,component,0.0,0.0
249,age,continent,0.0,0.0
250,age,country,91.0,4.5217885770490405
251,age,county,0.0,0.0
252,age,creator,0.0,0.0
253,age,credit,0.0,0.0
254,age,currency,0.0,0.0
255,age,day,2.0,1.0986122886681098
256,age,depth,1.0,0.6931471805599453
257,age,description,1.0,0.6931471805599453
258,age,director,0.0,0.0
259,age,duration,0.0,0.0
260,age,education,1.0,0.6931471805599453
261,age,elevation,0.0,0.0
262,age,family,3.0,1.3862943611198906
263,age,fileSize,0.0,0.0
264,age,format,0.0,0.0
265,age,gender,20.0,3.044522437723423
266,age,genre,1.0,0.6931471805599453
267,age,grades,0.0,0.0
268,age,isbn,0.0,0.0
269,age,industry,0.0,0.0
270,age,jockey,63.0,4.1588830833596715
271,age,language,1.0,0.6931471805599453
272,age,location,82.0,4.418840607796598
273,age,manufacturer,0.0,0.0
274,age,name,2354.0,7.764296006450518
275,age,nationality,3.0,1.3862943611198906
276,age,notes,5.0,1.791759469228055
277,age,operator,0.0,0.0
278,age,order,0.0,0.0
279,age,organisation,0.0,0.0
280,age,origin,2.0,1.0986122886681098
281,age,owner,0.0,0.0
282,age,person,1.0,0.6931471805599453
283,age,plays,0.0,0.0
284,age,position,26.0,3.295836866004329
285,age,product,0.0,0.0
286,age,publisher,0.0,0.0
287,age,range,0.0,0.0
288,age,rank,383.0,5.950642552587727
289,age,ranking,0.0,0.0
290,age,region,0.0,0.0
291,age,religion,1.0,0.6931471805599453
292,age,requirement,0.0,0.0
293,age,result,78.0,4.3694478524670215
294,age,sales,0.0,0.0
295,age,service,1.0,0.6931471805599453
296,age,sex,32.0,3.4965075614664802
297,age,species,0.0,0.0
298,age,state,29.0,3.4011973816621555
299,age,status,42.0,3.7612001156935624
300,age,symbol,0.0,0.0
301,age,team,532.0,6.278521424165844
302,age,teamName,34.0,3.5553480614894135
303,age,type,8.0,2.1972245773362196
304,age,weight,2663.0,7.88758403166028
305,age,year,227.0,5.429345628954441
306,album,album,0.0,0.0
307,album,area,0.0,0.0
308,album,artist,855.0,6.752270376141742
309,album,birthDate,0.0,0.0
310,album,birthPlace,0.0,0.0
311,album,brand,0.0,0.0
312,album,capacity,0.0,0.0
313,album,category,0.0,0.0
314,album,city,0.0,0.0
315,album,class,0.0,0.0
316,album,classification,0.0,0.0
317,album,club,0.0,0.0
318,album,code,0.0,0.0
319,album,collection,0.0,0.0
320,album,command,0.0,0.0
321,album,company,0.0,0.0
322,album,component,0.0,0.0
323,album,continent,0.0,0.0
324,album,country,10.0,2.3978952727983707
325,album,county,0.0,0.0
326,album,creator,0.0,0.0
327,album,credit,0.0,0.0
328,album,currency,0.0,0.0
329,album,day,0.0,0.0
330,album,depth,0.0,0.0
331,album,description,0.0,0.0
332,album,director,1.0,0.6931471805599453
333,album,duration,155.0,5.049856007249537
334,album,education,0.0,0.0
335,album,elevation,0.0,0.0
336,album,family,0.0,0.0
337,album,fileSize,0.0,0.0
338,album,format,3.0,1.3862943611198906
339,album,gender,0.0,0.0
340,album,genre,6.0,1.9459101490553132
341,album,grades,0.0,0.0
342,album,isbn,0.0,0.0
343,album,industry,0.0,0.0
344,album,jockey,0.0,0.0
345,album,language,0.0,0.0
346,album,location,0.0,0.0
347,album,manufacturer,0.0,0.0
348,album,name,656.0,6.48768401848461
349,album,nationality,0.0,0.0
350,album,notes,1.0,0.6931471805599453
351,album,operator,0.0,0.0
352,album,order,0.0,0.0
353,album,organisation,0.0,0.0
354,album,origin,0.0,0.0
355,album,owner,0.0,0.0
356,album,person,0.0,0.0
357,album,plays,0.0,0.0
358,album,position,0.0,0.0
359,album,product,0.0,0.0
360,album,publisher,0.0,0.0
361,album,range,0.0,0.0
362,album,rank,0.0,0.0
363,album,ranking,0.0,0.0
364,album,region,0.0,0.0
365,album,religion,0.0,0.0
366,album,requirement,0.0,0.0
367,album,result,0.0,0.0
368,album,sales,0.0,0.0
369,album,service,0.0,0.0
370,album,sex,0.0,0.0
371,album,species,0.0,0.0
372,album,state,0.0,0.0
373,album,status,0.0,0.0
374,album,symbol,0.0,0.0
375,album,team,0.0,0.0
376,album,teamName,0.0,0.0
377,album,type,4.0,1.6094379124341003
378,album,weight,0.0,0.0
379,album,year,49.0,3.912023005428146
380,area,area,1.0,0.6931471805599453
381,area,artist,0.0,0.0
382,area,birthDate,0.0,0.0
383,area,birthPlace,0.0,0.0
384,area,brand,0.0,0.0
385,area,capacity,0.0,0.0
386,area,category,2.0,1.0986122886681098
387,area,city,3.0,1.3862943611198906
388,area,class,1.0,0.6931471805599453
389,area,classification,0.0,0.0
390,area,club,0.0,0.0
391,area,code,3.0,1.3862943611198906
392,area,collection,0.0,0.0
393,area,command,0.0,0.0
394,area,company,0.0,0.0
395,area,component,0.0,0.0
396,area,continent,0.0,0.0
397,area,country,1.0,0.6931471805599453
398,area,county,2.0,1.0986122886681098
399,area,creator,0.0,0.0
400,area,credit,0.0,0.0
401,area,currency,1.0,0.6931471805599453
402,area,day,0.0,0.0
403,area,depth,1.0,0.6931471805599453
404,area,description,0.0,0.0
405,area,director,0.0,0.0
406,area,duration,0.0,0.0
407,area,education,0.0,0.0
408,area,elevation,6.0,1.9459101490553132
409,area,family,0.0,0.0
410,area,fileSize,0.0,0.0
411,area,format,0.0,0.0
412,area,gender,0.0,0.0
413,area,genre,0.0,0.0
414,area,grades,0.0,0.0
415,area,isbn,0.0,0.0
416,area,industry,0.0,0.0
417,area,jockey,0.0,0.0
418,area,language,0.0,0.0
419,area,location,6.0,1.9459101490553132
420,area,manufacturer,0.0,0.0
421,area,name,8.0,2.1972245773362196
422,area,nationality,0.0,0.0
423,area,notes,1.0,0.6931471805599453
424,area,operator,0.0,0.0
425,area,order,0.0,0.0
426,area,organisation,0.0,0.0
427,area,origin,0.0,0.0
428,area,owner,0.0,0.0
429,area,person,0.0,0.0
430,area,plays,0.0,0.0
431,area,position,1.0,0.6931471805599453
432,area,product,0.0,0.0
433,area,publisher,0.0,0.0
434,area,range,0.0,0.0
435,area,rank,2.0,1.0986122886681098
436,area,ranking,0.0,0.0
437,area,region,1.0,0.6931471805599453
438,area,religion,0.0,0.0
439,area,requirement,0.0,0.0
440,area,result,0.0,0.0
441,area,sales,3.0,1.3862943611198906
442,area,service,0.0,0.0
443,area,sex,0.0,0.0
444,area,species,0.0,0.0
445,area,state,8.0,2.1972245773362196
446,area,status,1.0,0.6931471805599453
447,area,symbol,0.0,0.0
448,area,team,4.0,1.6094379124341003
449,area,teamName,0.0,0.0
450,area,type,7.0,2.0794415416798357
451,area,weight,0.0,0.0
452,area,year,2.0,1.0986122886681098
453,artist,artist,0.0,0.0
454,artist,birthDate,0.0,0.0
455,artist,birthPlace,0.0,0.0
456,artist,brand,0.0,0.0
457,artist,capacity,0.0,0.0
458,artist,category,1.0,0.6931471805599453
459,artist,city,1.0,0.6931471805599453
460,artist,class,0.0,0.0
461,artist,classification,0.0,0.0
462,artist,club,0.0,0.0
463,artist,code,0.0,0.0
464,artist,collection,0.0,0.0
465,artist,command,0.0,0.0
466,artist,company,0.0,0.0
467,artist,component,0.0,0.0
468,artist,continent,0.0,0.0
469,artist,country,14.0,2.70805020110221
470,artist,county,0.0,0.0
471,artist,creator,0.0,0.0
472,artist,credit,0.0,0.0
473,artist,currency,0.0,0.0
474,artist,day,0.0,0.0
475,artist,depth,0.0,0.0
476,artist,description,2.0,1.0986122886681098
477,artist,director,0.0,0.0
478,artist,duration,160.0,5.081404364984463
479,artist,education,0.0,0.0
480,artist,elevation,0.0,0.0
481,artist,family,0.0,0.0
482,artist,fileSize,0.0,0.0
483,artist,format,12.0,2.5649493574615367
484,artist,gender,0.0,0.0
485,artist,genre,9.0,2.302585092994046
486,artist,grades,0.0,0.0
487,artist,isbn,0.0,0.0
488,artist,industry,0.0,0.0
489,artist,jockey,0.0,0.0
490,artist,language,0.0,0.0
491,artist,location,0.0,0.0
492,artist,manufacturer,0.0,0.0
493,artist,name,574.0,6.354370040797351
494,artist,nationality,0.0,0.0
495,artist,notes,4.0,1.6094379124341003
496,artist,operator,0.0,0.0
497,artist,order,0.0,0.0
498,artist,organisation,0.0,0.0
499,artist,origin,0.0,0.0
500,artist,owner,0.0,0.0
501,artist,person,0.0,0.0
502,artist,plays,1.0,0.6931471805599453
503,artist,position,0.0,0.0
504,artist,product,0.0,0.0
505,artist,publisher,0.0,0.0
506,artist,range,0.0,0.0
507,artist,rank,81.0,4.406719247264253
508,artist,ranking,0.0,0.0
509,artist,region,0.0,0.0
510,artist,religion,0.0,0.0
511,artist,requirement,0.0,0.0
512,artist,result,0.0,0.0
513,artist,sales,0.0,0.0
514,artist,service,0.0,0.0
515,artist,sex,0.0,0.0
516,artist,species,1.0,0.6931471805599453
517,artist,state,1.0,0.6931471805599453
518,artist,status,2.0,1.0986122886681098
519,artist,symbol,0.0,0.0
520,artist,team,0.0,0.0
521,artist,teamName,0.0,0.0
522,artist,type,5.0,1.791759469228055
523,artist,weight,0.0,0.0
524,artist,year,63.0,4.1588830833596715
525,birthDate,birthDate,0.0,0.0
526,birthDate,birthPlace,12.0,2.5649493574615367
527,birthDate,brand,0.0,0.0
528,birthDate,capacity,0.0,0.0
529,birthDate,category,0.0,0.0
530,birthDate,city,0.0,0.0
531,birthDate,class,4.0,1.6094379124341003
532,birthDate,classification,0.0,0.0
533,birthDate,club,0.0,0.0
534,birthDate,code,0.0,0.0
535,birthDate,collection,0.0,0.0
536,birthDate,command,0.0,0.0
537,birthDate,company,0.0,0.0
538,birthDate,component,0.0,0.0
539,birthDate,continent,0.0,0.0
540,birthDate,country,0.0,0.0
541,birthDate,county,0.0,0.0
542,birthDate,creator,0.0,0.0
543,birthDate,credit,0.0,0.0
544,birthDate,currency,0.0,0.0
545,birthDate,day,0.0,0.0
546,birthDate,depth,0.0,0.0
547,birthDate,description,0.0,0.0
548,birthDate,director,0.0,0.0
549,birthDate,duration,0.0,0.0
550,birthDate,education,0.0,0.0
551,birthDate,elevation,0.0,0.0
552,birthDate,family,0.0,0.0
553,birthDate,fileSize,0.0,0.0
554,birthDate,format,0.0,0.0
555,birthDate,gender,0.0,0.0
556,birthDate,genre,0.0,0.0
557,birthDate,grades,0.0,0.0
558,birthDate,isbn,0.0,0.0
559,birthDate,industry,0.0,0.0
560,birthDate,jockey,0.0,0.0
561,birthDate,language,0.0,0.0
562,birthDate,location,3.0,1.3862943611198906
563,birthDate,manufacturer,0.0,0.0
564,birthDate,name,22.0,3.1354942159291497
565,birthDate,nationality,4.0,1.6094379124341003
566,birthDate,notes,0.0,0.0
567,birthDate,operator,0.0,0.0
568,birthDate,order,0.0,0.0
569,birthDate,organisation,0.0,0.0
570,birthDate,origin,0.0,0.0
571,birthDate,owner,0.0,0.0
572,birthDate,person,0.0,0.0
573,birthDate,plays,0.0,0.0
574,birthDate,position,3.0,1.3862943611198906
575,birthDate,product,0.0,0.0
576,birthDate,publisher,0.0,0.0
577,birthDate,range,0.0,0.0
578,birthDate,rank,0.0,0.0
579,birthDate,ranking,0.0,0.0
580,birthDate,region,0.0,0.0
581,birthDate,religion,0.0,0.0
582,birthDate,requirement,0.0,0.0
583,birthDate,result,0.0,0.0
584,birthDate,sales,0.0,0.0
585,birthDate,service,0.0,0.0
586,birthDate,sex,0.0,0.0
587,birthDate,species,0.0,0.0
588,birthDate,state,0.0,0.0
589,birthDate,status,0.0,0.0
590,birthDate,symbol,0.0,0.0
591,birthDate,team,0.0,0.0
592,birthDate,teamName,0.0,0.0
593,birthDate,type,0.0,0.0
594,birthDate,weight,3.0,1.3862943611198906
595,birthDate,year,0.0,0.0
596,birthPlace,birthPlace,0.0,0.0
597,birthPlace,brand,0.0,0.0
598,birthPlace,capacity,0.0,0.0
599,birthPlace,category,0.0,0.0
600,birthPlace,city,0.0,0.0
601,birthPlace,class,0.0,0.0
602,birthPlace,classification,0.0,0.0
603,birthPlace,club,0.0,0.0
604,birthPlace,code,0.0,0.0
605,birthPlace,collection,0.0,0.0
606,birthPlace,command,0.0,0.0
607,birthPlace,company,0.0,0.0
608,birthPlace,component,0.0,0.0
609,birthPlace,continent,0.0,0.0
610,birthPlace,country,0.0,0.0
611,birthPlace,county,0.0,0.0
612,birthPlace,creator,0.0,0.0
613,birthPlace,credit,0.0,0.0
614,birthPlace,currency,0.0,0.0
615,birthPlace,day,1.0,0.6931471805599453
616,birthPlace,depth,0.0,0.0
617,birthPlace,description,0.0,0.0
618,birthPlace,director,0.0,0.0
619,birthPlace,duration,0.0,0.0
620,birthPlace,education,0.0,0.0
621,birthPlace,elevation,0.0,0.0
622,birthPlace,family,2.0,1.0986122886681098
623,birthPlace,fileSize,0.0,0.0
624,birthPlace,format,0.0,0.0
625,birthPlace,gender,0.0,0.0
626,birthPlace,genre,0.0,0.0
627,birthPlace,grades,0.0,0.0
628,birthPlace,isbn,0.0,0.0
629,birthPlace,industry,0.0,0.0
630,birthPlace,jockey,0.0,0.0
631,birthPlace,language,0.0,0.0
632,birthPlace,location,0.0,0.0
633,birthPlace,manufacturer,0.0,0.0
634,birthPlace,name,46.0,3.8501476017100584
635,birthPlace,nationality,0.0,0.0
636,birthPlace,notes,5.0,1.791759469228055
637,birthPlace,operator,0.0,0.0
638,birthPlace,order,0.0,0.0
639,birthPlace,organisation,0.0,0.0
640,birthPlace,origin,0.0,0.0
641,birthPlace,owner,0.0,0.0
642,birthPlace,person,0.0,0.0
643,birthPlace,plays,0.0,0.0
644,birthPlace,position,0.0,0.0
645,birthPlace,product,0.0,0.0
646,birthPlace,publisher,0.0,0.0
647,birthPlace,range,0.0,0.0
648,birthPlace,rank,1.0,0.6931471805599453
649,birthPlace,ranking,0.0,0.0
650,birthPlace,region,0.0,0.0
651,birthPlace,religion,0.0,0.0
652,birthPlace,requirement,0.0,0.0
653,birthPlace,result,0.0,0.0
654,birthPlace,sales,0.0,0.0
655,birthPlace,service,0.0,0.0
656,birthPlace,sex,4.0,1.6094379124341003
657,birthPlace,species,0.0,0.0
658,birthPlace,state,0.0,0.0
659,birthPlace,status,0.0,0.0
660,birthPlace,symbol,0.0,0.0
661,birthPlace,team,0.0,0.0
662,birthPlace,teamName,0.0,0.0
663,birthPlace,type,0.0,0.0
664,birthPlace,weight,31.0,3.4657359027997265
665,birthPlace,year,0.0,0.0
666,brand,brand,0.0,0.0
667,brand,capacity,0.0,0.0
668,brand,category,8.0,2.1972245773362196
669,brand,city,0.0,0.0
670,brand,class,0.0,0.0
671,brand,classification,0.0,0.0
672,brand,club,0.0,0.0
673,brand,code,14.0,2.70805020110221
674,brand,collection,0.0,0.0
675,brand,command,0.0,0.0
676,brand,company,0.0,0.0
677,brand,component,0.0,0.0
678,brand,continent,0.0,0.0
679,brand,country,0.0,0.0
680,brand,county,0.0,0.0
681,brand,creator,0.0,0.0
682,brand,credit,0.0,0.0
683,brand,currency,0.0,0.0
684,brand,day,0.0,0.0
685,brand,depth,0.0,0.0
686,brand,description,6.0,1.9459101490553132
687,brand,director,0.0,0.0
688,brand,duration,0.0,0.0
689,brand,education,0.0,0.0
690,brand,elevation,0.0,0.0
691,brand,family,0.0,0.0
692,brand,fileSize,0.0,0.0
693,brand,format,0.0,0.0
694,brand,gender,0.0,0.0
695,brand,genre,0.0,0.0
696,brand,grades,0.0,0.0
697,brand,isbn,1.0,0.6931471805599453
698,brand,industry,0.0,0.0
699,brand,jockey,0.0,0.0
700,brand,language,0.0,0.0
701,brand,location,0.0,0.0
702,brand,manufacturer,1.0,0.6931471805599453
703,brand,name,4.0,1.6094379124341003
704,brand,nationality,0.0,0.0
705,brand,notes,2.0,1.0986122886681098
706,brand,operator,0.0,0.0
707,brand,order,0.0,0.0
708,brand,organisation,0.0,0.0
709,brand,origin,0.0,0.0
710,brand,owner,3.0,1.3862943611198906
711,brand,person,0.0,0.0
712,brand,plays,0.0,0.0
713,brand,position,0.0,0.0
714,brand,product,1.0,0.6931471805599453
715,brand,publisher,0.0,0.0
716,brand,range,0.0,0.0
717,brand,rank,1.0,0.6931471805599453
718,brand,ranking,0.0,0.0
719,brand,region,0.0,0.0
720,brand,religion,0.0,0.0
721,brand,requirement,0.0,0.0
722,brand,result,0.0,0.0
723,brand,sales,0.0,0.0
724,brand,service,0.0,0.0
725,brand,sex,0.0,0.0
726,brand,species,2.0,1.0986122886681098
727,brand,state,1.0,0.6931471805599453
728,brand,status,0.0,0.0
729,brand,symbol,0.0,0.0
730,brand,team,0.0,0.0
731,brand,teamName,0.0,0.0
732,brand,type,4.0,1.6094379124341003
733,brand,weight,31.0,3.4657359027997265
734,brand,year,2.0,1.0986122886681098
735,capacity,capacity,0.0,0.0
736,capacity,category,0.0,0.0
737,capacity,city,1.0,0.6931471805599453
738,capacity,class,1.0,0.6931471805599453
739,capacity,classification,0.0,0.0
740,capacity,club,1.0,0.6931471805599453
741,capacity,code,0.0,0.0
742,capacity,collection,0.0,0.0
743,capacity,command,1.0,0.6931471805599453
744,capacity,company,0.0,0.0
745,capacity,component,0.0,0.0
746,capacity,continent,0.0,0.0
747,capacity,country,1.0,0.6931471805599453
748,capacity,county,0.0,0.0
749,capacity,creator,0.0,0.0
750,capacity,credit,0.0,0.0
751,capacity,currency,0.0,0.0
752,capacity,day,0.0,0.0
753,capacity,depth,0.0,0.0
754,capacity,description,5.0,1.791759469228055
755,capacity,director,0.0,0.0
756,capacity,duration,0.0,0.0
757,capacity,education,0.0,0.0
758,capacity,elevation,0.0,0.0
759,capacity,family,0.0,0.0
760,capacity,fileSize,0.0,0.0
761,capacity,format,0.0,0.0
762,capacity,gender,0.0,0.0
763,capacity,genre,0.0,0.0
764,capacity,grades,0.0,0.0
765,capacity,isbn,0.0,0.0
766,capacity,industry,0.0,0.0
767,capacity,jockey,0.0,0.0
768,capacity,language,0.0,0.0
769,capacity,location,2.0,1.0986122886681098
770,capacity,manufacturer,0.0,0.0
771,capacity,name,3.0,1.3862943611198906
772,capacity,nationality,0.0,0.0
773,capacity,notes,3.0,1.3862943611198906
774,capacity,operator,1.0,0.6931471805599453
775,capacity,order,0.0,0.0
776,capacity,organisation,0.0,0.0
777,capacity,origin,0.0,0.0
778,capacity,owner,0.0,0.0
779,capacity,person,0.0,0.0
780,capacity,plays,0.0,0.0
781,capacity,position,0.0,0.0
782,capacity,product,0.0,0.0
783,capacity,publisher,0.0,0.0
784,capacity,range,0.0,0.0
785,capacity,rank,1.0,0.6931471805599453
786,capacity,ranking,0.0,0.0
787,capacity,region,0.0,0.0
788,capacity,religion,0.0,0.0
789,capacity,requirement,0.0,0.0
790,capacity,result,0.0,0.0
791,capacity,sales,0.0,0.0
792,capacity,service,0.0,0.0
793,capacity,sex,0.0,0.0
794,capacity,species,0.0,0.0
795,capacity,state,0.0,0.0
796,capacity,status,0.0,0.0
797,capacity,symbol,0.0,0.0
798,capacity,team,2.0,1.0986122886681098
799,capacity,teamName,0.0,0.0
800,capacity,type,1.0,0.6931471805599453
801,capacity,weight,0.0,0.0
802,capacity,year,1.0,0.6931471805599453
803,category,category,0.0,0.0
804,category,city,3.0,1.3862943611198906
805,category,class,3.0,1.3862943611198906
806,category,classification,0.0,0.0
807,category,club,6.0,1.9459101490553132
808,category,code,2.0,1.0986122886681098
809,category,collection,0.0,0.0
810,category,command,0.0,0.0
811,category,company,8.0,2.1972245773362196
812,category,component,20.0,3.044522437723423
813,category,continent,0.0,0.0
814,category,country,1.0,0.6931471805599453
815,category,county,0.0,0.0
816,category,creator,0.0,0.0
817,category,credit,0.0,0.0
818,category,currency,0.0,0.0
819,category,day,0.0,0.0
820,category,depth,0.0,0.0
821,category,description,440.0,6.089044875446846
822,category,director,0.0,0.0
823,category,duration,0.0,0.0
824,category,education,0.0,0.0
825,category,elevation,0.0,0.0
826,category,family,0.0,0.0
827,category,fileSize,0.0,0.0
828,category,format,2.0,1.0986122886681098
829,category,gender,2.0,1.0986122886681098
830,category,genre,2.0,1.0986122886681098
831,category,grades,0.0,0.0
832,category,isbn,0.0,0.0
833,category,industry,0.0,0.0
834,category,jockey,0.0,0.0
835,category,language,1.0,0.6931471805599453
836,category,location,56.0,4.04305126783455
837,category,manufacturer,2.0,1.0986122886681098
838,category,name,496.0,6.208590026096629
839,category,nationality,1.0,0.6931471805599453
840,category,notes,5.0,1.791759469228055
841,category,operator,0.0,0.0
842,category,order,1.0,0.6931471805599453
843,category,organisation,0.0,0.0
844,category,origin,3.0,1.3862943611198906
845,category,owner,0.0,0.0
846,category,person,0.0,0.0
847,category,plays,1.0,0.6931471805599453
848,category,position,333.0,5.811140992976701
849,category,product,0.0,0.0
850,category,publisher,0.0,0.0
851,category,range,5.0,1.791759469228055
852,category,rank,204.0,5.3230099791384085
853,category,ranking,0.0,0.0
854,category,region,2.0,1.0986122886681098
855,category,religion,0.0,0.0
856,category,requirement,0.0,0.0
857,category,result,7.0,2.0794415416798357
858,category,sales,0.0,0.0
859,category,service,2.0,1.0986122886681098
860,category,sex,0.0,0.0
861,category,species,0.0,0.0
862,category,state,5.0,1.791759469228055
863,category,status,28.0,3.367295829986474
864,category,symbol,7.0,2.0794415416798357
865,category,team,5.0,1.791759469228055
866,category,teamName,194.0,5.272999558563747
867,category,type,368.0,5.910796644040527
868,category,weight,3.0,1.3862943611198906
869,category,year,402.0,5.998936561946683
870,city,city,0.0,0.0
871,city,class,168.0,5.1298987149230735
872,city,classification,1.0,0.6931471805599453
873,city,club,0.0,0.0
874,city,code,132.0,4.890349128221754
875,city,collection,3.0,1.3862943611198906
876,city,command,0.0,0.0
877,city,company,86.0,4.465908118654584
878,city,component,0.0,0.0
879,city,continent,0.0,0.0
880,city,country,131.0,4.882801922586371
881,city,county,214.0,5.3706380281276624
882,city,creator,0.0,0.0
883,city,credit,0.0,0.0
884,city,currency,0.0,0.0
885,city,day,3.0,1.3862943611198906
886,city,depth,0.0,0.0
887,city,description,3.0,1.3862943611198906
888,city,director,0.0,0.0
889,city,duration,22.0,3.1354942159291497
890,city,education,0.0,0.0
891,city,elevation,0.0,0.0
892,city,family,0.0,0.0
893,city,fileSize,0.0,0.0
894,city,format,1.0,0.6931471805599453
895,city,gender,6.0,1.9459101490553132
896,city,genre,1.0,0.6931471805599453
897,city,grades,0.0,0.0
898,city,isbn,0.0,0.0
899,city,industry,0.0,0.0
900,city,jockey,0.0,0.0
901,city,language,1.0,0.6931471805599453
902,city,location,4.0,1.6094379124341003
903,city,manufacturer,1.0,0.6931471805599453
904,city,name,324.0,5.783825182329737
905,city,nationality,0.0,0.0
906,city,notes,5.0,1.791759469228055
907,city,operator,0.0,0.0
908,city,order,0.0,0.0
909,city,organisation,0.0,0.0
910,city,origin,0.0,0.0
911,city,owner,0.0,0.0
912,city,person,0.0,0.0
913,city,plays,0.0,0.0
914,city,position,22.0,3.1354942159291497
915,city,product,0.0,0.0
916,city,publisher,1.0,0.6931471805599453
917,city,range,0.0,0.0
918,city,rank,324.0,5.783825182329737
919,city,ranking,3.0,1.3862943611198906
920,city,region,10.0,2.3978952727983707
921,city,religion,0.0,0.0
922,city,requirement,0.0,0.0
923,city,result,75.0,4.330733340286331
924,city,sales,0.0,0.0
925,city,service,0.0,0.0
926,city,sex,5.0,1.791759469228055
927,city,species,1.0,0.6931471805599453
928,city,state,3544.0,8.173293438966228
929,city,status,5.0,1.791759469228055
930,city,symbol,0.0,0.0
931,city,team,274.0,5.616771097666572
932,city,teamName,0.0,0.0
933,city,type,33.0,3.5263605246161616
934,city,weight,1.0,0.6931471805599453
935,city,year,199.0,5.298317366548036
936,class,class,0.0,0.0
937,class,classification,0.0,0.0
938,class,club,30.0,3.4339872044851463
939,class,code,0.0,0.0
940,class,collection,0.0,0.0
941,class,command,0.0,0.0
942,class,company,38.0,3.6635616461296463
943,class,component,0.0,0.0
944,class,continent,20.0,3.044522437723423
945,class,country,306.0,5.726847747587197
946,class,county,167.0,5.123963979403259
947,class,creator,0.0,0.0
948,class,credit,0.0,0.0
949,class,currency,0.0,0.0
950,class,day,13.0,2.6390573296152584
951,class,depth,7.0,2.0794415416798357
952,class,description,38.0,3.6635616461296463
953,class,director,0.0,0.0
954,class,duration,0.0,0.0
955,class,education,0.0,0.0
956,class,elevation,0.0,0.0
957,class,family,23.0,3.1780538303479458
958,class,fileSize,0.0,0.0
959,class,format,0.0,0.0
960,class,gender,2.0,1.0986122886681098
961,class,genre,0.0,0.0
962,class,grades,0.0,0.0
963,class,isbn,0.0,0.0
964,class,industry,0.0,0.0
965,class,jockey,6.0,1.9459101490553132
966,class,language,0.0,0.0
967,class,location,6.0,1.9459101490553132
968,class,manufacturer,0.0,0.0
969,class,name,444.0,6.09807428216624
970,class,nationality,4.0,1.6094379124341003
971,class,notes,5.0,1.791759469228055
972,class,operator,0.0,0.0
973,class,order,10.0,2.3978952727983707
974,class,organisation,0.0,0.0
975,class,origin,0.0,0.0
976,class,owner,0.0,0.0
977,class,person,0.0,0.0
978,class,plays,0.0,0.0
979,class,position,74.0,4.31748811353631
980,class,product,1.0,0.6931471805599453
981,class,publisher,0.0,0.0
982,class,range,1.0,0.6931471805599453
983,class,rank,4.0,1.6094379124341003
984,class,ranking,0.0,0.0
985,class,region,5.0,1.791759469228055
986,class,religion,0.0,0.0
987,class,requirement,0.0,0.0
988,class,result,0.0,0.0
989,class,sales,0.0,0.0
990,class,service,0.0,0.0
991,class,sex,303.0,5.717027701406222
992,class,species,0.0,0.0
993,class,state,169.0,5.135798437050262
994,class,status,1.0,0.6931471805599453
995,class,symbol,0.0,0.0
996,class,team,7.0,2.0794415416798357
997,class,teamName,0.0,0.0
998,class,type,510.0,6.236369590203704
999,class,weight,20.0,3.044522437723423
1000,class,year,13.0,2.6390573296152584
1001,classification,classification,0.0,0.0
1002,classification,club,0.0,0.0
1003,classification,code,0.0,0.0
1004,classification,collection,0.0,0.0
1005,classification,command,0.0,0.0
1006,classification,company,0.0,0.0
1007,classification,component,0.0,0.0
1008,classification,continent,0.0,0.0
1009,classification,country,2.0,1.0986122886681098
1010,classification,county,0.0,0.0
1011,classification,creator,0.0,0.0
1012,classification,credit,0.0,0.0
1013,classification,currency,0.0,0.0
1014,classification,day,0.0,0.0
1015,classification,depth,0.0,0.0
1016,classification,description,1.0,0.6931471805599453
1017,classification,director,0.0,0.0
1018,classification,duration,0.0,0.0
1019,classification,education,0.0,0.0
1020,classification,elevation,0.0,0.0
1021,classification,family,1.0,0.6931471805599453
1022,classification,fileSize,0.0,0.0
1023,classification,format,0.0,0.0
1024,classification,gender,0.0,0.0
1025,classification,genre,0.0,0.0
1026,classification,grades,0.0,0.0
1027,classification,isbn,0.0,0.0
1028,classification,industry,0.0,0.0
1029,classification,jockey,0.0,0.0
1030,classification,language,0.0,0.0
1031,classification,location,1.0,0.6931471805599453
1032,classification,manufacturer,0.0,0.0
1033,classification,name,4.0,1.6094379124341003
1034,classification,nationality,0.0,0.0
1035,classification,notes,0.0,0.0
1036,classification,operator,0.0,0.0
1037,classification,order,0.0,0.0
1038,classification,organisation,0.0,0.0
1039,classification,origin,0.0,0.0
1040,classification,owner,1.0,0.6931471805599453
1041,classification,person,0.0,0.0
1042,classification,plays,0.0,0.0
1043,classification,position,1.0,0.6931471805599453
1044,classification,product,0.0,0.0
1045,classification,publisher,0.0,0.0
1046,classification,range,0.0,0.0
1047,classification,rank,0.0,0.0
1048,classification,ranking,0.0,0.0
1049,classification,region,0.0,0.0
1050,classification,religion,0.0,0.0
1051,classification,requirement,0.0,0.0
1052,classification,result,0.0,0.0
1053,classification,sales,0.0,0.0
1054,classification,service,0.0,0.0
1055,classification,sex,0.0,0.0
1056,classification,species,0.0,0.0
1057,classification,state,0.0,0.0
1058,classification,status,0.0,0.0
1059,classification,symbol,0.0,0.0
1060,classification,team,0.0,0.0
1061,classification,teamName,0.0,0.0
1062,classification,type,1.0,0.6931471805599453
1063,classification,weight,0.0,0.0
1064,classification,year,0.0,0.0
1065,club,club,0.0,0.0
1066,club,code,0.0,0.0
1067,club,collection,0.0,0.0
1068,club,command,0.0,0.0
1069,club,company,0.0,0.0
1070,club,component,0.0,0.0
1071,club,continent,9.0,2.302585092994046
1072,club,country,6.0,1.9459101490553132
1073,club,county,0.0,0.0
1074,club,creator,0.0,0.0
1075,club,credit,0.0,0.0
1076,club,currency,0.0,0.0
1077,club,day,0.0,0.0
1078,club,depth,0.0,0.0
1079,club,description,0.0,0.0
1080,club,director,0.0,0.0
1081,club,duration,0.0,0.0
1082,club,education,0.0,0.0
1083,club,elevation,0.0,0.0
1084,club,family,0.0,0.0
1085,club,fileSize,0.0,0.0
1086,club,format,0.0,0.0
1087,club,gender,11.0,2.4849066497880004
1088,club,genre,0.0,0.0
1089,club,grades,0.0,0.0
1090,club,isbn,0.0,0.0
1091,club,industry,0.0,0.0
1092,club,jockey,0.0,0.0
1093,club,language,0.0,0.0
1094,club,location,3.0,1.3862943611198906
1095,club,manufacturer,0.0,0.0
1096,club,name,1783.0,7.486613313139955
1097,club,nationality,0.0,0.0
1098,club,notes,0.0,0.0
1099,club,operator,0.0,0.0
1100,club,order,0.0,0.0
1101,club,organisation,0.0,0.0
1102,club,origin,0.0,0.0
1103,club,owner,0.0,0.0
1104,club,person,0.0,0.0
1105,club,plays,0.0,0.0
1106,club,position,29.0,3.4011973816621555
1107,club,product,0.0,0.0
1108,club,publisher,0.0,0.0
1109,club,range,0.0,0.0
1110,club,rank,8.0,2.1972245773362196
1111,club,ranking,0.0,0.0
1112,club,region,0.0,0.0
1113,club,religion,0.0,0.0
1114,club,requirement,0.0,0.0
1115,club,result,1.0,0.6931471805599453
1116,club,sales,0.0,0.0
1117,club,service,0.0,0.0
1118,club,sex,0.0,0.0
1119,club,species,0.0,0.0
1120,club,state,0.0,0.0
1121,club,status,3.0,1.3862943611198906
1122,club,symbol,0.0,0.0
1123,club,team,0.0,0.0
1124,club,teamName,0.0,0.0
1125,club,type,1.0,0.6931471805599453
1126,club,weight,8.0,2.1972245773362196
1127,club,year,22.0,3.1354942159291497
1128,code,code,0.0,0.0
1129,code,collection,0.0,0.0
1130,code,command,1.0,0.6931471805599453
1131,code,company,6.0,1.9459101490553132
1132,code,component,11.0,2.4849066497880004
1133,code,continent,0.0,0.0
1134,code,country,3.0,1.3862943611198906
1135,code,county,3.0,1.3862943611198906
1136,code,creator,0.0,0.0
1137,code,credit,0.0,0.0
1138,code,currency,0.0,0.0
1139,code,day,6.0,1.9459101490553132
1140,code,depth,0.0,0.0
1141,code,description,2180.0,7.687538766201629
1142,code,director,0.0,0.0
1143,code,duration,0.0,0.0
1144,code,education,0.0,0.0
1145,code,elevation,1.0,0.6931471805599453
1146,code,family,0.0,0.0
1147,code,fileSize,0.0,0.0
1148,code,format,0.0,0.0
1149,code,gender,0.0,0.0
1150,code,genre,0.0,0.0
1151,code,grades,0.0,0.0
1152,code,isbn,0.0,0.0
1153,code,industry,0.0,0.0
1154,code,jockey,0.0,0.0
1155,code,language,7.0,2.0794415416798357
1156,code,location,1.0,0.6931471805599453
1157,code,manufacturer,8.0,2.1972245773362196
1158,code,name,203.0,5.318119993844216
1159,code,nationality,0.0,0.0
1160,code,notes,3.0,1.3862943611198906
1161,code,operator,0.0,0.0
1162,code,order,0.0,0.0
1163,code,organisation,0.0,0.0
1164,code,origin,0.0,0.0
1165,code,owner,1.0,0.6931471805599453
1166,code,person,0.0,0.0
1167,code,plays,0.0,0.0
1168,code,position,0.0,0.0
1169,code,product,0.0,0.0
1170,code,publisher,0.0,0.0
1171,code,range,0.0,0.0
1172,code,rank,0.0,0.0
1173,code,ranking,0.0,0.0
1174,code,region,0.0,0.0
1175,code,religion,0.0,0.0
1176,code,requirement,0.0,0.0
1177,code,result,7.0,2.0794415416798357
1178,code,sales,0.0,0.0
1179,code,service,0.0,0.0
1180,code,sex,0.0,0.0
1181,code,species,0.0,0.0
1182,code,state,1.0,0.6931471805599453
1183,code,status,10.0,2.3978952727983707
1184,code,symbol,0.0,0.0
1185,code,team,0.0,0.0
1186,code,teamName,0.0,0.0
1187,code,type,10.0,2.3978952727983707
1188,code,weight,14.0,2.70805020110221
1189,code,year,9.0,2.302585092994046
1190,collection,collection,0.0,0.0
1191,collection,command,0.0,0.0
1192,collection,company,0.0,0.0
1193,collection,component,0.0,0.0
1194,collection,continent,0.0,0.0
1195,collection,country,0.0,0.0
1196,collection,county,0.0,0.0
1197,collection,creator,0.0,0.0
1198,collection,credit,0.0,0.0
1199,collection,currency,0.0,0.0
1200,collection,day,0.0,0.0
1201,collection,depth,0.0,0.0
1202,collection,description,0.0,0.0
1203,collection,director,0.0,0.0
1204,collection,duration,0.0,0.0
1205,collection,education,0.0,0.0
1206,collection,elevation,0.0,0.0
1207,collection,family,0.0,0.0
1208,collection,fileSize,0.0,0.0
1209,collection,format,0.0,0.0
1210,collection,gender,0.0,0.0
1211,collection,genre,0.0,0.0
1212,collection,grades,0.0,0.0
1213,collection,isbn,0.0,0.0
1214,collection,industry,0.0,0.0
1215,collection,jockey,0.0,0.0
1216,collection,language,0.0,0.0
1217,collection,location,57.0,4.060443010546419
1218,collection,manufacturer,0.0,0.0
1219,collection,name,0.0,0.0
1220,collection,nationality,0.0,0.0
1221,collection,notes,0.0,0.0
1222,collection,operator,0.0,0.0
1223,collection,order,0.0,0.0
1224,collection,organisation,0.0,0.0
1225,collection,origin,0.0,0.0
1226,collection,owner,0.0,0.0
1227,collection,person,0.0,0.0
1228,collection,plays,0.0,0.0
1229,collection,position,0.0,0.0
1230,collection,product,0.0,0.0
1231,collection,publisher,0.0,0.0
1232,collection,range,0.0,0.0
1233,collection,rank,0.0,0.0
1234,collection,ranking,0.0,0.0
1235,collection,region,0.0,0.0
1236,collection,religion,0.0,0.0
1237,collection,requirement,0.0,0.0
1238,collection,result,1.0,0.6931471805599453
1239,collection,sales,0.0,0.0
1240,collection,service,0.0,0.0
1241,collection,sex,0.0,0.0
1242,collection,species,0.0,0.0
1243,collection,state,0.0,0.0
1244,collection,status,57.0,4.060443010546419
1245,collection,symbol,0.0,0.0
1246,collection,team,0.0,0.0
1247,collection,teamName,0.0,0.0
1248,collection,type,0.0,0.0
1249,collection,weight,0.0,0.0
1250,collection,year,0.0,0.0
1251,command,command,0.0,0.0
1252,command,company,0.0,0.0
1253,command,component,0.0,0.0
1254,command,continent,0.0,0.0
1255,command,country,0.0,0.0
1256,command,county,0.0,0.0
1257,command,creator,0.0,0.0
1258,command,credit,0.0,0.0
1259,command,currency,0.0,0.0
1260,command,day,0.0,0.0
1261,command,depth,0.0,0.0
1262,command,description,25.0,3.258096538021482
1263,command,director,0.0,0.0
1264,command,duration,0.0,0.0
1265,command,education,0.0,0.0
1266,command,elevation,0.0,0.0
1267,command,family,0.0,0.0
1268,command,fileSize,0.0,0.0
1269,command,format,0.0,0.0
1270,command,gender,0.0,0.0
1271,command,genre,0.0,0.0
1272,command,grades,0.0,0.0
1273,command,isbn,0.0,0.0
1274,command,industry,0.0,0.0
1275,command,jockey,0.0,0.0
1276,command,language,0.0,0.0
1277,command,location,0.0,0.0
1278,command,manufacturer,0.0,0.0
1279,command,name,0.0,0.0
1280,command,nationality,0.0,0.0
1281,command,notes,5.0,1.791759469228055
1282,command,operator,0.0,0.0
1283,command,order,0.0,0.0
1284,command,organisation,0.0,0.0
1285,command,origin,0.0,0.0
1286,command,owner,0.0,0.0
1287,command,person,0.0,0.0
1288,command,plays,0.0,0.0
1289,command,position,0.0,0.0
1290,command,product,0.0,0.0
1291,command,publisher,0.0,0.0
1292,command,range,0.0,0.0
1293,command,rank,1.0,0.6931471805599453
1294,command,ranking,0.0,0.0
1295,command,region,0.0,0.0
1296,command,religion,0.0,0.0
1297,command,requirement,0.0,0.0
1298,command,result,0.0,0.0
1299,command,sales,0.0,0.0
1300,command,service,0.0,0.0
1301,command,sex,0.0,0.0
1302,command,species,0.0,0.0
1303,command,state,0.0,0.0
1304,command,status,0.0,0.0
1305,command,symbol,0.0,0.0
1306,command,team,0.0,0.0
1307,command,teamName,0.0,0.0
1308,command,type,1.0,0.6931471805599453
1309,command,weight,0.0,0.0
1310,command,year,0.0,0.0
1311,company,company,0.0,0.0
1312,company,component,0.0,0.0
1313,company,continent,0.0,0.0
1314,company,country,23.0,3.1780538303479458
1315,company,county,0.0,0.0
1316,company,creator,0.0,0.0
1317,company,credit,0.0,0.0
1318,company,currency,0.0,0.0
1319,company,day,0.0,0.0
1320,company,depth,0.0,0.0
1321,company,description,6.0,1.9459101490553132
1322,company,director,5.0,1.791759469228055
1323,company,duration,0.0,0.0
1324,company,education,0.0,0.0
1325,company,elevation,0.0,0.0
1326,company,family,0.0,0.0
1327,company,fileSize,0.0,0.0
1328,company,format,1.0,0.6931471805599453
1329,company,gender,0.0,0.0
1330,company,genre,0.0,0.0
1331,company,grades,0.0,0.0
1332,company,isbn,0.0,0.0
1333,company,industry,3.0,1.3862943611198906
1334,company,jockey,0.0,0.0
1335,company,language,0.0,0.0
1336,company,location,93.0,4.543294782270004
1337,company,manufacturer,0.0,0.0
1338,company,name,9.0,2.302585092994046
1339,company,nationality,0.0,0.0
1340,company,notes,2.0,1.0986122886681098
1341,company,operator,0.0,0.0
1342,company,order,0.0,0.0
1343,company,organisation,0.0,0.0
1344,company,origin,0.0,0.0
1345,company,owner,0.0,0.0
1346,company,person,2.0,1.0986122886681098
1347,company,plays,0.0,0.0
1348,company,position,20.0,3.044522437723423
1349,company,product,2.0,1.0986122886681098
1350,company,publisher,0.0,0.0
1351,company,range,0.0,0.0
1352,company,rank,28.0,3.367295829986474
1353,company,ranking,1.0,0.6931471805599453
1354,company,region,0.0,0.0
1355,company,religion,0.0,0.0
1356,company,requirement,0.0,0.0
1357,company,result,0.0,0.0
1358,company,sales,1.0,0.6931471805599453
1359,company,service,0.0,0.0
1360,company,sex,0.0,0.0
1361,company,species,0.0,0.0
1362,company,state,1.0,0.6931471805599453
1363,company,status,11.0,2.4849066497880004
1364,company,symbol,766.0,6.642486801367256
1365,company,team,0.0,0.0
1366,company,teamName,0.0,0.0
1367,company,type,57.0,4.060443010546419
1368,company,weight,0.0,0.0
1369,company,year,88.0,4.48863636973214
1370,component,component,0.0,0.0
1371,component,continent,0.0,0.0
1372,component,country,0.0,0.0
1373,component,county,0.0,0.0
1374,component,creator,0.0,0.0
1375,component,credit,0.0,0.0
1376,component,currency,0.0,0.0
1377,component,day,0.0,0.0
1378,component,depth,0.0,0.0
1379,component,description,25.0,3.258096538021482
1380,component,director,0.0,0.0
1381,component,duration,0.0,0.0
1382,component,education,0.0,0.0
1383,component,elevation,0.0,0.0
1384,component,family,0.0,0.0
1385,component,fileSize,0.0,0.0
1386,component,format,0.0,0.0
1387,component,gender,0.0,0.0
1388,component,genre,0.0,0.0
1389,component,grades,0.0,0.0
1390,component,isbn,0.0,0.0
1391,component,industry,0.0,0.0
1392,component,jockey,0.0,0.0
1393,component,language,0.0,0.0
1394,component,location,1.0,0.6931471805599453
1395,component,manufacturer,0.0,0.0
1396,component,name,12.0,2.5649493574615367
1397,component,nationality,0.0,0.0
1398,component,notes,2.0,1.0986122886681098
1399,component,operator,0.0,0.0
1400,component,order,0.0,0.0
1401,component,organisation,0.0,0.0
1402,component,origin,0.0,0.0
1403,component,owner,42.0,3.7612001156935624
1404,component,person,0.0,0.0
1405,component,plays,0.0,0.0
1406,component,position,7.0,2.0794415416798357
1407,component,product,0.0,0.0
1408,component,publisher,0.0,0.0
1409,component,range,0.0,0.0
1410,component,rank,0.0,0.0
1411,component,ranking,0.0,0.0
1412,component,region,0.0,0.0
1413,component,religion,0.0,0.0
1414,component,requirement,11.0,2.4849066497880004
1415,component,result,1.0,0.6931471805599453
1416,component,sales,0.0,0.0
1417,component,service,0.0,0.0
1418,component,sex,0.0,0.0
1419,component,species,0.0,0.0
1420,component,state,0.0,0.0
1421,component,status,53.0,3.9889840465642745
1422,component,symbol,0.0,0.0
1423,component,team,0.0,0.0
1424,component,teamName,0.0,0.0
1425,component,type,46.0,3.8501476017100584
1426,component,weight,1.0,0.6931471805599453
1427,component,year,0.0,0.0
1428,continent,continent,0.0,0.0
1429,continent,country,3.0,1.3862943611198906
1430,continent,county,0.0,0.0
1431,continent,creator,0.0,0.0
1432,continent,credit,0.0,0.0
1433,continent,currency,0.0,0.0
1434,continent,day,0.0,0.0
1435,continent,depth,0.0,0.0
1436,continent,description,0.0,0.0
1437,continent,director,0.0,0.0
1438,continent,duration,0.0,0.0
1439,continent,education,0.0,0.0
1440,continent,elevation,0.0,0.0
1441,continent,family,0.0,0.0
1442,continent,fileSize,0.0,0.0
1443,continent,format,0.0,0.0
1444,continent,gender,0.0,0.0
1445,continent,genre,0.0,0.0
1446,continent,grades,0.0,0.0
1447,continent,isbn,0.0,0.0
1448,continent,industry,0.0,0.0
1449,continent,jockey,0.0,0.0
1450,continent,language,0.0,0.0
1451,continent,location,1.0,0.6931471805599453
1452,continent,manufacturer,0.0,0.0
1453,continent,name,0.0,0.0
1454,continent,nationality,0.0,0.0
1455,continent,notes,0.0,0.0
1456,continent,operator,0.0,0.0
1457,continent,order,0.0,0.0
1458,continent,organisation,0.0,0.0
1459,continent,origin,0.0,0.0
1460,continent,owner,0.0,0.0
1461,continent,person,0.0,0.0
1462,continent,plays,0.0,0.0
1463,continent,position,0.0,0.0
1464,continent,product,0.0,0.0
1465,continent,publisher,0.0,0.0
1466,continent,range,0.0,0.0
1467,continent,rank,0.0,0.0
1468,continent,ranking,0.0,0.0
1469,continent,region,0.0,0.0
1470,continent,religion,0.0,0.0
1471,continent,requirement,0.0,0.0
1472,continent,result,0.0,0.0
1473,continent,sales,0.0,0.0
1474,continent,service,0.0,0.0
1475,continent,sex,0.0,0.0
1476,continent,species,0.0,0.0
1477,continent,state,0.0,0.0
1478,continent,status,0.0,0.0
1479,continent,symbol,0.0,0.0
1480,continent,team,0.0,0.0
1481,continent,teamName,0.0,0.0
1482,continent,type,0.0,0.0
1483,continent,weight,0.0,0.0
1484,continent,year,0.0,0.0
1485,country,country,0.0,0.0
1486,country,county,3.0,1.3862943611198906
1487,country,creator,1.0,0.6931471805599453
1488,country,credit,0.0,0.0
1489,country,currency,1.0,0.6931471805599453
1490,country,day,0.0,0.0
1491,country,depth,0.0,0.0
1492,country,description,2.0,1.0986122886681098
1493,country,director,0.0,0.0
1494,country,duration,0.0,0.0
1495,country,education,0.0,0.0
1496,country,elevation,1.0,0.6931471805599453
1497,country,family,0.0,0.0
1498,country,fileSize,0.0,0.0
1499,country,format,0.0,0.0
1500,country,gender,9.0,2.302585092994046
1501,country,genre,4.0,1.6094379124341003
1502,country,grades,0.0,0.0
1503,country,isbn,0.0,0.0
1504,country,industry,0.0,0.0
1505,country,jockey,0.0,0.0
1506,country,language,2.0,1.0986122886681098
1507,country,location,5.0,1.791759469228055
1508,country,manufacturer,0.0,0.0
1509,country,name,389.0,5.966146739123692
1510,country,nationality,0.0,0.0
1511,country,notes,3.0,1.3862943611198906
1512,country,operator,0.0,0.0
1513,country,order,0.0,0.0
1514,country,organisation,0.0,0.0
1515,country,origin,0.0,0.0
1516,country,owner,7.0,2.0794415416798357
1517,country,person,0.0,0.0
1518,country,plays,0.0,0.0
1519,country,position,14.0,2.70805020110221
1520,country,product,2.0,1.0986122886681098
1521,country,publisher,0.0,0.0
1522,country,range,0.0,0.0
1523,country,rank,400.0,5.993961427306569
1524,country,ranking,4.0,1.6094379124341003
1525,country,region,31.0,3.4657359027997265
1526,country,religion,0.0,0.0
1527,country,requirement,0.0,0.0
1528,country,result,9.0,2.302585092994046
1529,country,sales,0.0,0.0
1530,country,service,0.0,0.0
1531,country,sex,302.0,5.713732805509369
1532,country,species,1.0,0.6931471805599453
1533,country,state,20.0,3.044522437723423
1534,country,status,66.0,4.204692619390966
1535,country,symbol,28.0,3.367295829986474
1536,country,team,9.0,2.302585092994046
1537,country,teamName,1.0,0.6931471805599453
1538,country,type,96.0,4.574710978503383
1539,country,weight,2.0,1.0986122886681098
1540,country,year,28.0,3.367295829986474
1541,county,county,0.0,0.0
1542,county,creator,0.0,0.0
1543,county,credit,0.0,0.0
1544,county,currency,0.0,0.0
1545,county,day,0.0,0.0
1546,county,depth,0.0,0.0
1547,county,description,8.0,2.1972245773362196
1548,county,director,0.0,0.0
1549,county,duration,0.0,0.0
1550,county,education,0.0,0.0
1551,county,elevation,22.0,3.1354942159291497
1552,county,family,3.0,1.3862943611198906
1553,county,fileSize,0.0,0.0
1554,county,format,0.0,0.0
1555,county,gender,0.0,0.0
1556,county,genre,0.0,0.0
1557,county,grades,0.0,0.0
1558,county,isbn,0.0,0.0
1559,county,industry,0.0,0.0
1560,county,jockey,0.0,0.0
1561,county,language,0.0,0.0
1562,county,location,2.0,1.0986122886681098
1563,county,manufacturer,0.0,0.0
1564,county,name,53.0,3.9889840465642745
1565,county,nationality,0.0,0.0
1566,county,notes,6.0,1.9459101490553132
1567,county,operator,1.0,0.6931471805599453
1568,county,order,0.0,0.0
1569,county,organisation,0.0,0.0
1570,county,origin,0.0,0.0
1571,county,owner,3.0,1.3862943611198906
1572,county,person,0.0,0.0
1573,county,plays,0.0,0.0
1574,county,position,0.0,0.0
1575,county,product,0.0,0.0
1576,county,publisher,0.0,0.0
1577,county,range,0.0,0.0
1578,county,rank,5.0,1.791759469228055
1579,county,ranking,0.0,0.0
1580,county,region,0.0,0.0
1581,county,religion,0.0,0.0
1582,county,requirement,0.0,0.0
1583,county,result,1.0,0.6931471805599453
1584,county,sales,0.0,0.0
1585,county,service,0.0,0.0
1586,county,sex,0.0,0.0
1587,county,species,1.0,0.6931471805599453
1588,county,state,181.0,5.204006687076795
1589,county,status,14.0,2.70805020110221
1590,county,symbol,0.0,0.0
1591,county,team,49.0,3.912023005428146
1592,county,teamName,0.0,0.0
1593,county,type,3.0,1.3862943611198906
1594,county,weight,0.0,0.0
1595,county,year,43.0,3.784189633918261
1596,creator,creator,0.0,0.0
1597,creator,credit,0.0,0.0
1598,creator,currency,0.0,0.0
1599,creator,day,0.0,0.0
1600,creator,depth,0.0,0.0
1601,creator,description,2.0,1.0986122886681098
1602,creator,director,0.0,0.0
1603,creator,duration,0.0,0.0
1604,creator,education,0.0,0.0
1605,creator,elevation,0.0,0.0
1606,creator,family,0.0,0.0
1607,creator,fileSize,0.0,0.0
1608,creator,format,0.0,0.0
1609,creator,gender,0.0,0.0
1610,creator,genre,0.0,0.0
1611,creator,grades,0.0,0.0
1612,creator,isbn,0.0,0.0
1613,creator,industry,0.0,0.0
1614,creator,jockey,0.0,0.0
1615,creator,language,0.0,0.0
1616,creator,location,0.0,0.0
1617,creator,manufacturer,0.0,0.0
1618,creator,name,7.0,2.0794415416798357
1619,creator,nationality,0.0,0.0
1620,creator,notes,0.0,0.0
1621,creator,operator,0.0,0.0
1622,creator,order,0.0,0.0
1623,creator,organisation,0.0,0.0
1624,creator,origin,0.0,0.0
1625,creator,owner,0.0,0.0
1626,creator,person,0.0,0.0
1627,creator,plays,0.0,0.0
1628,creator,position,0.0,0.0
1629,creator,product,0.0,0.0
1630,creator,publisher,0.0,0.0
1631,creator,range,0.0,0.0
1632,creator,rank,10.0,2.3978952727983707
1633,creator,ranking,0.0,0.0
1634,creator,region,0.0,0.0
1635,creator,religion,0.0,0.0
1636,creator,requirement,0.0,0.0
1637,creator,result,0.0,0.0
1638,creator,sales,0.0,0.0
1639,creator,service,0.0,0.0
1640,creator,sex,0.0,0.0
1641,creator,species,0.0,0.0
1642,creator,state,0.0,0.0
1643,creator,status,0.0,0.0
1644,creator,symbol,0.0,0.0
1645,creator,team,0.0,0.0
1646,creator,teamName,0.0,0.0
1647,creator,type,1.0,0.6931471805599453
1648,creator,weight,0.0,0.0
1649,creator,year,1.0,0.6931471805599453
1650,credit,credit,0.0,0.0
1651,credit,currency,0.0,0.0
1652,credit,day,0.0,0.0
1653,credit,depth,0.0,0.0
1654,credit,description,0.0,0.0
1655,credit,director,0.0,0.0
1656,credit,duration,0.0,0.0
1657,credit,education,0.0,0.0
1658,credit,elevation,0.0,0.0
1659,credit,family,0.0,0.0
1660,credit,fileSize,0.0,0.0
1661,credit,format,0.0,0.0
1662,credit,gender,0.0,0.0
1663,credit,genre,0.0,0.0
1664,credit,grades,0.0,0.0
1665,credit,isbn,0.0,0.0
1666,credit,industry,0.0,0.0
1667,credit,jockey,0.0,0.0
1668,credit,language,0.0,0.0
1669,credit,location,0.0,0.0
1670,credit,manufacturer,0.0,0.0
1671,credit,name,1.0,0.6931471805599453
1672,credit,nationality,0.0,0.0
1673,credit,notes,0.0,0.0
1674,credit,operator,0.0,0.0
1675,credit,order,0.0,0.0
1676,credit,organisation,0.0,0.0
1677,credit,origin,0.0,0.0
1678,credit,owner,0.0,0.0
1679,credit,person,0.0,0.0
1680,credit,plays,0.0,0.0
1681,credit,position,0.0,0.0
1682,credit,product,0.0,0.0
1683,credit,publisher,0.0,0.0
1684,credit,range,0.0,0.0
1685,credit,rank,1.0,0.6931471805599453
1686,credit,ranking,0.0,0.0
1687,credit,region,0.0,0.0
1688,credit,religion,0.0,0.0
1689,credit,requirement,0.0,0.0
1690,credit,result,0.0,0.0
1691,credit,sales,0.0,0.0
1692,credit,service,0.0,0.0
1693,credit,sex,0.0,0.0
1694,credit,species,0.0,0.0
1695,credit,state,0.0,0.0
1696,credit,status,0.0,0.0
1697,credit,symbol,0.0,0.0
1698,credit,team,1.0,0.6931471805599453
1699,credit,teamName,0.0,0.0
1700,credit,type,0.0,0.0
1701,credit,weight,0.0,0.0
1702,credit,year,106.0,4.672828834461906
1703,currency,currency,0.0,0.0
1704,currency,day,0.0,0.0
1705,currency,depth,0.0,0.0
1706,currency,description,0.0,0.0
1707,currency,director,0.0,0.0
1708,currency,duration,0.0,0.0
1709,currency,education,0.0,0.0
1710,currency,elevation,0.0,0.0
1711,currency,family,0.0,0.0
1712,currency,fileSize,0.0,0.0
1713,currency,format,0.0,0.0
1714,currency,gender,0.0,0.0
1715,currency,genre,0.0,0.0
1716,currency,grades,0.0,0.0
1717,currency,isbn,0.0,0.0
1718,currency,industry,0.0,0.0
1719,currency,jockey,0.0,0.0
1720,currency,language,0.0,0.0
1721,currency,location,0.0,0.0
1722,currency,manufacturer,0.0,0.0
1723,currency,name,0.0,0.0
1724,currency,nationality,0.0,0.0
1725,currency,notes,0.0,0.0
1726,currency,operator,0.0,0.0
1727,currency,order,0.0,0.0
1728,currency,organisation,0.0,0.0
1729,currency,origin,0.0,0.0
1730,currency,owner,0.0,0.0
1731,currency,person,0.0,0.0
1732,currency,plays,0.0,0.0
1733,currency,position,0.0,0.0
1734,currency,product,0.0,0.0
1735,currency,publisher,0.0,0.0
1736,currency,range,0.0,0.0
1737,currency,rank,0.0,0.0
1738,currency,ranking,0.0,0.0
1739,currency,region,0.0,0.0
1740,currency,religion,0.0,0.0
1741,currency,requirement,0.0,0.0
1742,currency,result,0.0,0.0
1743,currency,sales,0.0,0.0
1744,currency,service,0.0,0.0
1745,currency,sex,0.0,0.0
1746,currency,species,0.0,0.0
1747,currency,state,0.0,0.0
1748,currency,status,0.0,0.0
1749,currency,symbol,5.0,1.791759469228055
1750,currency,team,0.0,0.0
1751,currency,teamName,0.0,0.0
1752,currency,type,1.0,0.6931471805599453
1753,currency,weight,0.0,0.0
1754,currency,year,2.0,1.0986122886681098
1755,day,day,0.0,0.0
1756,day,depth,0.0,0.0
1757,day,description,18.0,2.9444389791664403
1758,day,director,0.0,0.0
1759,day,duration,1.0,0.6931471805599453
1760,day,education,0.0,0.0
1761,day,elevation,0.0,0.0
1762,day,family,1.0,0.6931471805599453
1763,day,fileSize,0.0,0.0
1764,day,format,1.0,0.6931471805599453
1765,day,gender,0.0,0.0
1766,day,genre,3.0,1.3862943611198906
1767,day,grades,0.0,0.0
1768,day,isbn,0.0,0.0
1769,day,industry,0.0,0.0
1770,day,jockey,0.0,0.0
1771,day,language,0.0,0.0
1772,day,location,127.0,4.852030263919617
1773,day,manufacturer,0.0,0.0
1774,day,name,2.0,1.0986122886681098
1775,day,nationality,0.0,0.0
1776,day,notes,18.0,2.9444389791664403
1777,day,operator,0.0,0.0
1778,day,order,0.0,0.0
1779,day,organisation,0.0,0.0
1780,day,origin,0.0,0.0
1781,day,owner,0.0,0.0
1782,day,person,2.0,1.0986122886681098
1783,day,plays,0.0,0.0
1784,day,position,1.0,0.6931471805599453
1785,day,product,0.0,0.0
1786,day,publisher,0.0,0.0
1787,day,range,0.0,0.0
1788,day,rank,1.0,0.6931471805599453
1789,day,ranking,0.0,0.0
1790,day,region,0.0,0.0
1791,day,religion,0.0,0.0
1792,day,requirement,0.0,0.0
1793,day,result,106.0,4.672828834461906
1794,day,sales,0.0,0.0
1795,day,service,0.0,0.0
1796,day,sex,1.0,0.6931471805599453
1797,day,species,0.0,0.0
1798,day,state,0.0,0.0
1799,day,status,100.0,4.61512051684126
1800,day,symbol,1.0,0.6931471805599453
1801,day,team,1.0,0.6931471805599453
1802,day,teamName,0.0,0.0
1803,day,type,1.0,0.6931471805599453
1804,day,weight,0.0,0.0
1805,day,year,9.0,2.302585092994046
1806,depth,depth,0.0,0.0
1807,depth,description,0.0,0.0
1808,depth,director,0.0,0.0
1809,depth,duration,0.0,0.0
1810,depth,education,0.0,0.0
1811,depth,elevation,1.0,0.6931471805599453
1812,depth,family,0.0,0.0
1813,depth,fileSize,0.0,0.0
1814,depth,format,0.0,0.0
1815,depth,gender,0.0,0.0
1816,depth,genre,0.0,0.0
1817,depth,grades,0.0,0.0
1818,depth,isbn,0.0,0.0
1819,depth,industry,0.0,0.0
1820,depth,jockey,0.0,0.0
1821,depth,language,0.0,0.0
1822,depth,location,2.0,1.0986122886681098
1823,depth,manufacturer,0.0,0.0
1824,depth,name,9.0,2.302585092994046
1825,depth,nationality,0.0,0.0
1826,depth,notes,0.0,0.0
1827,depth,operator,0.0,0.0
1828,depth,order,0.0,0.0
1829,depth,organisation,0.0,0.0
1830,depth,origin,0.0,0.0
1831,depth,owner,0.0,0.0
1832,depth,person,0.0,0.0
1833,depth,plays,0.0,0.0
1834,depth,position,0.0,0.0
1835,depth,product,0.0,0.0
1836,depth,publisher,0.0,0.0
1837,depth,range,0.0,0.0
1838,depth,rank,1.0,0.6931471805599453
1839,depth,ranking,0.0,0.0
1840,depth,region,1.0,0.6931471805599453
1841,depth,religion,0.0,0.0
1842,depth,requirement,0.0,0.0
1843,depth,result,0.0,0.0
1844,depth,sales,0.0,0.0
1845,depth,service,0.0,0.0
1846,depth,sex,0.0,0.0
1847,depth,species,0.0,0.0
1848,depth,state,0.0,0.0
1849,depth,status,0.0,0.0
1850,depth,symbol,0.0,0.0
1851,depth,team,1.0,0.6931471805599453
1852,depth,teamName,0.0,0.0
1853,depth,type,0.0,0.0
1854,depth,weight,8.0,2.1972245773362196
1855,depth,year,1.0,0.6931471805599453
1856,description,description,0.0,0.0
1857,description,director,1.0,0.6931471805599453
1858,description,duration,10.0,2.3978952727983707
1859,description,education,0.0,0.0
1860,description,elevation,0.0,0.0
1861,description,family,0.0,0.0
1862,description,fileSize,22.0,3.1354942159291497
1863,description,format,99.0,4.605170185988092
1864,description,gender,464.0,6.142037405587356
1865,description,genre,0.0,0.0
1866,description,grades,0.0,0.0
1867,description,isbn,0.0,0.0
1868,description,industry,1.0,0.6931471805599453
1869,description,jockey,0.0,0.0
1870,description,language,4.0,1.6094379124341003
1871,description,location,494.0,6.20455776256869
1872,description,manufacturer,29.0,3.4011973816621555
1873,description,name,583.0,6.369900982828227
1874,description,nationality,0.0,0.0
1875,description,notes,27.0,3.332204510175204
1876,description,operator,8.0,2.1972245773362196
1877,description,order,29.0,3.4011973816621555
1878,description,organisation,0.0,0.0
1879,description,origin,3.0,1.3862943611198906
1880,description,owner,17.0,2.8903717578961645
1881,description,person,0.0,0.0
1882,description,plays,0.0,0.0
1883,description,position,513.0,6.2422232654551655
1884,description,product,8.0,2.1972245773362196
1885,description,publisher,1.0,0.6931471805599453
1886,description,range,3.0,1.3862943611198906
1887,description,rank,231.0,5.44673737166631
1888,description,ranking,0.0,0.0
1889,description,region,1.0,0.6931471805599453
1890,description,religion,0.0,0.0
1891,description,requirement,7.0,2.0794415416798357
1892,description,result,6.0,1.9459101490553132
1893,description,sales,0.0,0.0
1894,description,service,1.0,0.6931471805599453
1895,description,sex,0.0,0.0
1896,description,species,5.0,1.791759469228055
1897,description,state,4.0,1.6094379124341003
1898,description,status,1876.0,7.537430036586509
1899,description,symbol,22.0,3.1354942159291497
1900,description,team,197.0,5.288267030694535
1901,description,teamName,0.0,0.0
1902,description,type,622.0,6.434546518787453
1903,description,weight,7.0,2.0794415416798357
1904,description,year,19.0,2.995732273553991
1905,director,director,0.0,0.0
1906,director,duration,0.0,0.0
1907,director,education,0.0,0.0
1908,director,elevation,0.0,0.0
1909,director,family,0.0,0.0
1910,director,fileSize,0.0,0.0
1911,director,format,1.0,0.6931471805599453
1912,director,gender,0.0,0.0
1913,director,genre,1.0,0.6931471805599453
1914,director,grades,0.0,0.0
1915,director,isbn,0.0,0.0
1916,director,industry,0.0,0.0
1917,director,jockey,0.0,0.0
1918,director,language,4.0,1.6094379124341003
1919,director,location,1.0,0.6931471805599453
1920,director,manufacturer,0.0,0.0
1921,director,name,0.0,0.0
1922,director,nationality,0.0,0.0
1923,director,notes,4.0,1.6094379124341003
1924,director,operator,0.0,0.0
1925,director,order,0.0,0.0
1926,director,organisation,0.0,0.0
1927,director,origin,0.0,0.0
1928,director,owner,0.0,0.0
1929,director,person,0.0,0.0
1930,director,plays,0.0,0.0
1931,director,position,0.0,0.0
1932,director,product,0.0,0.0
1933,director,publisher,0.0,0.0
1934,director,range,0.0,0.0
1935,director,rank,0.0,0.0
1936,director,ranking,0.0,0.0
1937,director,region,0.0,0.0
1938,director,religion,0.0,0.0
1939,director,requirement,0.0,0.0
1940,director,result,0.0,0.0
1941,director,sales,0.0,0.0
1942,director,service,0.0,0.0
1943,director,sex,0.0,0.0
1944,director,species,0.0,0.0
1945,director,state,0.0,0.0
1946,director,status,1.0,0.6931471805599453
1947,director,symbol,0.0,0.0
1948,director,team,0.0,0.0
1949,director,teamName,0.0,0.0
1950,director,type,0.0,0.0
1951,director,weight,0.0,0.0
1952,director,year,13.0,2.6390573296152584
1953,duration,duration,1.0,0.6931471805599453
1954,duration,education,0.0,0.0
1955,duration,elevation,0.0,0.0
1956,duration,family,0.0,0.0
1957,duration,fileSize,1.0,0.6931471805599453
1958,duration,format,0.0,0.0
1959,duration,gender,0.0,0.0
1960,duration,genre,0.0,0.0
1961,duration,grades,0.0,0.0
1962,duration,isbn,0.0,0.0
1963,duration,industry,0.0,0.0
1964,duration,jockey,0.0,0.0
1965,duration,language,2.0,1.0986122886681098
1966,duration,location,42.0,3.7612001156935624
1967,duration,manufacturer,0.0,0.0
1968,duration,name,10.0,2.3978952727983707
1969,duration,nationality,0.0,0.0
1970,duration,notes,0.0,0.0
1971,duration,operator,0.0,0.0
1972,duration,order,0.0,0.0
1973,duration,organisation,0.0,0.0
1974,duration,origin,0.0,0.0
1975,duration,owner,0.0,0.0
1976,duration,person,0.0,0.0
1977,duration,plays,0.0,0.0
1978,duration,position,19.0,2.995732273553991
1979,duration,product,0.0,0.0
1980,duration,publisher,0.0,0.0
1981,duration,range,4.0,1.6094379124341003
1982,duration,rank,1.0,0.6931471805599453
1983,duration,ranking,0.0,0.0
1984,duration,region,0.0,0.0
1985,duration,religion,0.0,0.0
1986,duration,requirement,0.0,0.0
1987,duration,result,0.0,0.0
1988,duration,sales,0.0,0.0
1989,duration,service,0.0,0.0
1990,duration,sex,0.0,0.0
1991,duration,species,0.0,0.0
1992,duration,state,3.0,1.3862943611198906
1993,duration,status,0.0,0.0
1994,duration,symbol,3.0,1.3862943611198906
1995,duration,team,0.0,0.0
1996,duration,teamName,0.0,0.0
1997,duration,type,6.0,1.9459101490553132
1998,duration,weight,4.0,1.6094379124341003
1999,duration,year,39.0,3.6888794541139363
2000,education,education,0.0,0.0
2001,education,elevation,0.0,0.0
2002,education,family,0.0,0.0
2003,education,fileSize,0.0,0.0
2004,education,format,0.0,0.0
2005,education,gender,0.0,0.0
2006,education,genre,0.0,0.0
2007,education,grades,0.0,0.0
2008,education,isbn,0.0,0.0
2009,education,industry,0.0,0.0
2010,education,jockey,0.0,0.0
2011,education,language,0.0,0.0
2012,education,location,0.0,0.0
2013,education,manufacturer,0.0,0.0
2014,education,name,1.0,0.6931471805599453
2015,education,nationality,0.0,0.0
2016,education,notes,0.0,0.0
2017,education,operator,0.0,0.0
2018,education,order,0.0,0.0
2019,education,organisation,0.0,0.0
2020,education,origin,0.0,0.0
2021,education,owner,0.0,0.0
2022,education,person,0.0,0.0
2023,education,plays,0.0,0.0
2024,education,position,0.0,0.0
2025,education,product,0.0,0.0
2026,education,publisher,0.0,0.0
2027,education,range,0.0,0.0
2028,education,rank,0.0,0.0
2029,education,ranking,0.0,0.0
2030,education,region,0.0,0.0
2031,education,religion,0.0,0.0
2032,education,requirement,0.0,0.0
2033,education,result,0.0,0.0
2034,education,sales,0.0,0.0
2035,education,service,0.0,0.0
2036,education,sex,0.0,0.0
2037,education,species,0.0,0.0
2038,education,state,0.0,0.0
2039,education,status,0.0,0.0
2040,education,symbol,0.0,0.0
2041,education,team,0.0,0.0
2042,education,teamName,0.0,0.0
2043,education,type,0.0,0.0
2044,education,weight,0.0,0.0
2045,education,year,0.0,0.0
2046,elevation,elevation,7.0,2.0794415416798357
2047,elevation,family,0.0,0.0
2048,elevation,fileSize,0.0,0.0
2049,elevation,format,0.0,0.0
2050,elevation,gender,0.0,0.0
2051,elevation,genre,0.0,0.0
2052,elevation,grades,0.0,0.0
2053,elevation,isbn,0.0,0.0
2054,elevation,industry,0.0,0.0
2055,elevation,jockey,0.0,0.0
2056,elevation,language,0.0,0.0
2057,elevation,location,5.0,1.791759469228055
2058,elevation,manufacturer,0.0,0.0
2059,elevation,name,27.0,3.332204510175204
2060,elevation,nationality,0.0,0.0
2061,elevation,notes,0.0,0.0
2062,elevation,operator,0.0,0.0
2063,elevation,order,0.0,0.0
2064,elevation,organisation,0.0,0.0
2065,elevation,origin,0.0,0.0
2066,elevation,owner,0.0,0.0
2067,elevation,person,0.0,0.0
2068,elevation,plays,0.0,0.0
2069,elevation,position,0.0,0.0
2070,elevation,product,0.0,0.0
2071,elevation,publisher,0.0,0.0
2072,elevation,range,0.0,0.0
2073,elevation,rank,0.0,0.0
2074,elevation,ranking,0.0,0.0
2075,elevation,region,0.0,0.0
2076,elevation,religion,0.0,0.0
2077,elevation,requirement,0.0,0.0
2078,elevation,result,0.0,0.0
2079,elevation,sales,0.0,0.0
2080,elevation,service,0.0,0.0
2081,elevation,sex,0.0,0.0
2082,elevation,species,0.0,0.0
2083,elevation,state,14.0,2.70805020110221
2084,elevation,status,0.0,0.0
2085,elevation,symbol,0.0,0.0
2086,elevation,team,0.0,0.0
2087,elevation,teamName,0.0,0.0
2088,elevation,type,150.0,5.017279836814924
2089,elevation,weight,0.0,0.0
2090,elevation,year,0.0,0.0
2091,family,family,0.0,0.0
2092,family,fileSize,0.0,0.0
2093,family,format,0.0,0.0
2094,family,gender,0.0,0.0
2095,family,genre,0.0,0.0
2096,family,grades,0.0,0.0
2097,family,isbn,0.0,0.0
2098,family,industry,0.0,0.0
2099,family,jockey,0.0,0.0
2100,family,language,0.0,0.0
2101,family,location,1.0,0.6931471805599453
2102,family,manufacturer,0.0,0.0
2103,family,name,7.0,2.0794415416798357
2104,family,nationality,0.0,0.0
2105,family,notes,0.0,0.0
2106,family,operator,0.0,0.0
2107,family,order,11.0,2.4849066497880004
2108,family,organisation,0.0,0.0
2109,family,origin,0.0,0.0
2110,family,owner,0.0,0.0
2111,family,person,0.0,0.0
2112,family,plays,0.0,0.0
2113,family,position,0.0,0.0
2114,family,product,0.0,0.0
2115,family,publisher,0.0,0.0
2116,family,range,0.0,0.0
2117,family,rank,0.0,0.0
2118,family,ranking,0.0,0.0
2119,family,region,0.0,0.0
2120,family,religion,0.0,0.0
2121,family,requirement,0.0,0.0
2122,family,result,0.0,0.0
2123,family,sales,0.0,0.0
2124,family,service,0.0,0.0
2125,family,sex,3.0,1.3862943611198906
2126,family,species,2.0,1.0986122886681098
2127,family,state,3.0,1.3862943611198906
2128,family,status,1.0,0.6931471805599453
2129,family,symbol,0.0,0.0
2130,family,team,0.0,0.0
2131,family,teamName,0.0,0.0
2132,family,type,0.0,0.0
2133,family,weight,0.0,0.0
2134,family,year,0.0,0.0
2135,fileSize,fileSize,0.0,0.0
2136,fileSize,format,4.0,1.6094379124341003
2137,fileSize,gender,0.0,0.0
2138,fileSize,genre,0.0,0.0
2139,fileSize,grades,0.0,0.0
2140,fileSize,isbn,0.0,0.0
2141,fileSize,industry,0.0,0.0
2142,fileSize,jockey,0.0,0.0
2143,fileSize,language,0.0,0.0
2144,fileSize,location,0.0,0.0
2145,fileSize,manufacturer,0.0,0.0
2146,fileSize,name,1.0,0.6931471805599453
2147,fileSize,nationality,0.0,0.0
2148,fileSize,notes,0.0,0.0
2149,fileSize,operator,0.0,0.0
2150,fileSize,order,0.0,0.0
2151,fileSize,organisation,0.0,0.0
2152,fileSize,origin,0.0,0.0
2153,fileSize,owner,0.0,0.0
2154,fileSize,person,0.0,0.0
2155,fileSize,plays,0.0,0.0
2156,fileSize,position,0.0,0.0
2157,fileSize,product,0.0,0.0
2158,fileSize,publisher,0.0,0.0
2159,fileSize,range,0.0,0.0
2160,fileSize,rank,0.0,0.0
2161,fileSize,ranking,0.0,0.0
2162,fileSize,region,0.0,0.0
2163,fileSize,religion,0.0,0.0
2164,fileSize,requirement,0.0,0.0
2165,fileSize,result,0.0,0.0
2166,fileSize,sales,0.0,0.0
2167,fileSize,service,0.0,0.0
2168,fileSize,sex,0.0,0.0
2169,fileSize,species,0.0,0.0
2170,fileSize,state,1.0,0.6931471805599453
2171,fileSize,status,0.0,0.0
2172,fileSize,symbol,0.0,0.0
2173,fileSize,team,0.0,0.0
2174,fileSize,teamName,0.0,0.0
2175,fileSize,type,4.0,1.6094379124341003
2176,fileSize,weight,0.0,0.0
2177,fileSize,year,2.0,1.0986122886681098
2178,format,format,0.0,0.0
2179,format,gender,0.0,0.0
2180,format,genre,16.0,2.833213344056216
2181,format,grades,0.0,0.0
2182,format,isbn,216.0,5.37989735354046
2183,format,industry,0.0,0.0
2184,format,jockey,0.0,0.0
2185,format,language,3.0,1.3862943611198906
2186,format,location,4.0,1.6094379124341003
2187,format,manufacturer,0.0,0.0
2188,format,name,6.0,1.9459101490553132
2189,format,nationality,0.0,0.0
2190,format,notes,216.0,5.37989735354046
2191,format,operator,0.0,0.0
2192,format,order,0.0,0.0
2193,format,organisation,0.0,0.0
2194,format,origin,0.0,0.0
2195,format,owner,5.0,1.791759469228055
2196,format,person,0.0,0.0
2197,format,plays,0.0,0.0
2198,format,position,0.0,0.0
2199,format,product,0.0,0.0
2200,format,publisher,0.0,0.0
2201,format,range,0.0,0.0
2202,format,rank,0.0,0.0
2203,format,ranking,0.0,0.0
2204,format,region,2.0,1.0986122886681098
2205,format,religion,0.0,0.0
2206,format,requirement,0.0,0.0
2207,format,result,0.0,0.0
2208,format,sales,0.0,0.0
2209,format,service,0.0,0.0
2210,format,sex,0.0,0.0
2211,format,species,0.0,0.0
2212,format,state,0.0,0.0
2213,format,status,4.0,1.6094379124341003
2214,format,symbol,0.0,0.0
2215,format,team,0.0,0.0
2216,format,teamName,0.0,0.0
2217,format,type,12.0,2.5649493574615367
2218,format,weight,0.0,0.0
2219,format,year,13.0,2.6390573296152584
2220,gender,gender,0.0,0.0
2221,gender,genre,0.0,0.0
2222,gender,grades,0.0,0.0
2223,gender,isbn,0.0,0.0
2224,gender,industry,0.0,0.0
2225,gender,jockey,0.0,0.0
2226,gender,language,0.0,0.0
2227,gender,location,464.0,6.142037405587356
2228,gender,manufacturer,0.0,0.0
2229,gender,name,25.0,3.258096538021482
2230,gender,nationality,2.0,1.0986122886681098
2231,gender,notes,1.0,0.6931471805599453
2232,gender,operator,0.0,0.0
2233,gender,order,0.0,0.0
2234,gender,organisation,0.0,0.0
2235,gender,origin,4.0,1.6094379124341003
2236,gender,owner,0.0,0.0
2237,gender,person,0.0,0.0
2238,gender,plays,0.0,0.0
2239,gender,position,0.0,0.0
2240,gender,product,0.0,0.0
2241,gender,publisher,0.0,0.0
2242,gender,range,0.0,0.0
2243,gender,rank,6.0,1.9459101490553132
2244,gender,ranking,0.0,0.0
2245,gender,region,1.0,0.6931471805599453
2246,gender,religion,0.0,0.0
2247,gender,requirement,0.0,0.0
2248,gender,result,0.0,0.0
2249,gender,sales,0.0,0.0
2250,gender,service,0.0,0.0
2251,gender,sex,0.0,0.0
2252,gender,species,0.0,0.0
2253,gender,state,23.0,3.1780538303479458
2254,gender,status,473.0,6.161207321695077
2255,gender,symbol,0.0,0.0
2256,gender,team,0.0,0.0
2257,gender,teamName,0.0,0.0
2258,gender,type,1.0,0.6931471805599453
2259,gender,weight,0.0,0.0
2260,gender,year,6.0,1.9459101490553132
2261,genre,genre,0.0,0.0
2262,genre,grades,0.0,0.0
2263,genre,isbn,0.0,0.0
2264,genre,industry,0.0,0.0
2265,genre,jockey,0.0,0.0
2266,genre,language,3.0,1.3862943611198906
2267,genre,location,0.0,0.0
2268,genre,manufacturer,0.0,0.0
2269,genre,name,7.0,2.0794415416798357
2270,genre,nationality,0.0,0.0
2271,genre,notes,0.0,0.0
2272,genre,operator,0.0,0.0
2273,genre,order,1.0,0.6931471805599453
2274,genre,organisation,0.0,0.0
2275,genre,origin,0.0,0.0
2276,genre,owner,0.0,0.0
2277,genre,person,0.0,0.0
2278,genre,plays,0.0,0.0
2279,genre,position,0.0,0.0
2280,genre,product,0.0,0.0
2281,genre,publisher,8.0,2.1972245773362196
2282,genre,range,0.0,0.0
2283,genre,rank,35.0,3.58351893845611
2284,genre,ranking,0.0,0.0
2285,genre,region,0.0,0.0
2286,genre,religion,0.0,0.0
2287,genre,requirement,0.0,0.0
2288,genre,result,2.0,1.0986122886681098
2289,genre,sales,0.0,0.0
2290,genre,service,0.0,0.0
2291,genre,sex,0.0,0.0
2292,genre,species,0.0,0.0
2293,genre,state,0.0,0.0
2294,genre,status,13.0,2.6390573296152584
2295,genre,symbol,0.0,0.0
2296,genre,team,0.0,0.0
2297,genre,teamName,0.0,0.0
2298,genre,type,1.0,0.6931471805599453
2299,genre,weight,0.0,0.0
2300,genre,year,30.0,3.4339872044851463
2301,grades,grades,0.0,0.0
2302,grades,isbn,0.0,0.0
2303,grades,industry,0.0,0.0
2304,grades,jockey,0.0,0.0
2305,grades,language,0.0,0.0
2306,grades,location,0.0,0.0
2307,grades,manufacturer,0.0,0.0
2308,grades,name,12.0,2.5649493574615367
2309,grades,nationality,0.0,0.0
2310,grades,notes,0.0,0.0
2311,grades,operator,0.0,0.0
2312,grades,order,0.0,0.0
2313,grades,organisation,0.0,0.0
2314,grades,origin,0.0,0.0
2315,grades,owner,0.0,0.0
2316,grades,person,0.0,0.0
2317,grades,plays,0.0,0.0
2318,grades,position,0.0,0.0
2319,grades,product,0.0,0.0
2320,grades,publisher,0.0,0.0
2321,grades,range,0.0,0.0
2322,grades,rank,0.0,0.0
2323,grades,ranking,0.0,0.0
2324,grades,region,0.0,0.0
2325,grades,religion,0.0,0.0
2326,grades,requirement,0.0,0.0
2327,grades,result,0.0,0.0
2328,grades,sales,0.0,0.0
2329,grades,service,0.0,0.0
2330,grades,sex,0.0,0.0
2331,grades,species,0.0,0.0
2332,grades,state,0.0,0.0
2333,grades,status,0.0,0.0
2334,grades,symbol,0.0,0.0
2335,grades,team,0.0,0.0
2336,grades,teamName,0.0,0.0
2337,grades,type,90.0,4.51085950651685
2338,grades,weight,0.0,0.0
2339,grades,year,0.0,0.0
2340,isbn,isbn,0.0,0.0
2341,isbn,industry,0.0,0.0
2342,isbn,jockey,0.0,0.0
2343,isbn,language,0.0,0.0
2344,isbn,location,0.0,0.0
2345,isbn,manufacturer,0.0,0.0
2346,isbn,name,1.0,0.6931471805599453
2347,isbn,nationality,0.0,0.0
2348,isbn,notes,216.0,5.37989735354046
2349,isbn,operator,0.0,0.0
2350,isbn,order,0.0,0.0
2351,isbn,organisation,0.0,0.0
2352,isbn,origin,0.0,0.0
2353,isbn,owner,0.0,0.0
2354,isbn,person,0.0,0.0
2355,isbn,plays,0.0,0.0
2356,isbn,position,0.0,0.0
2357,isbn,product,0.0,0.0
2358,isbn,publisher,4.0,1.6094379124341003
2359,isbn,range,0.0,0.0
2360,isbn,rank,0.0,0.0
2361,isbn,ranking,0.0,0.0
2362,isbn,region,0.0,0.0
2363,isbn,religion,0.0,0.0
2364,isbn,requirement,0.0,0.0
2365,isbn,result,0.0,0.0
2366,isbn,sales,0.0,0.0
2367,isbn,service,0.0,0.0
2368,isbn,sex,0.0,0.0
2369,isbn,species,0.0,0.0
2370,isbn,state,0.0,0.0
2371,isbn,status,0.0,0.0
2372,isbn,symbol,0.0,0.0
2373,isbn,team,0.0,0.0
2374,isbn,teamName,0.0,0.0
2375,isbn,type,0.0,0.0
2376,isbn,weight,0.0,0.0
2377,isbn,year,3.0,1.3862943611198906
2378,industry,industry,0.0,0.0
2379,industry,jockey,0.0,0.0
2380,industry,language,1.0,0.6931471805599453
2381,industry,location,1.0,0.6931471805599453
2382,industry,manufacturer,0.0,0.0
2383,industry,name,2.0,1.0986122886681098
2384,industry,nationality,0.0,0.0
2385,industry,notes,0.0,0.0
2386,industry,operator,0.0,0.0
2387,industry,order,0.0,0.0
2388,industry,organisation,0.0,0.0
2389,industry,origin,0.0,0.0
2390,industry,owner,0.0,0.0
2391,industry,person,0.0,0.0
2392,industry,plays,0.0,0.0
2393,industry,position,0.0,0.0
2394,industry,product,0.0,0.0
2395,industry,publisher,0.0,0.0
2396,industry,range,0.0,0.0
2397,industry,rank,2.0,1.0986122886681098
2398,industry,ranking,0.0,0.0
2399,industry,region,0.0,0.0
2400,industry,religion,0.0,0.0
2401,industry,requirement,0.0,0.0
2402,industry,result,0.0,0.0
2403,industry,sales,1.0,0.6931471805599453
2404,industry,service,0.0,0.0
2405,industry,sex,1.0,0.6931471805599453
2406,industry,species,0.0,0.0
2407,industry,state,0.0,0.0
2408,industry,status,1.0,0.6931471805599453
2409,industry,symbol,1.0,0.6931471805599453
2410,industry,team,0.0,0.0
2411,industry,teamName,0.0,0.0
2412,industry,type,0.0,0.0
2413,industry,weight,0.0,0.0
2414,industry,year,0.0,0.0
2415,jockey,jockey,0.0,0.0
2416,jockey,language,0.0,0.0
2417,jockey,location,0.0,0.0
2418,jockey,manufacturer,0.0,0.0
2419,jockey,name,0.0,0.0
2420,jockey,nationality,0.0,0.0
2421,jockey,notes,0.0,0.0
2422,jockey,operator,0.0,0.0
2423,jockey,order,0.0,0.0
2424,jockey,organisation,0.0,0.0
2425,jockey,origin,0.0,0.0
2426,jockey,owner,0.0,0.0
2427,jockey,person,0.0,0.0
2428,jockey,plays,0.0,0.0
2429,jockey,position,0.0,0.0
2430,jockey,product,0.0,0.0
2431,jockey,publisher,0.0,0.0
2432,jockey,range,0.0,0.0
2433,jockey,rank,0.0,0.0
2434,jockey,ranking,0.0,0.0
2435,jockey,region,0.0,0.0
2436,jockey,religion,0.0,0.0
2437,jockey,requirement,0.0,0.0
2438,jockey,result,0.0,0.0
2439,jockey,sales,0.0,0.0
2440,jockey,service,0.0,0.0
2441,jockey,sex,0.0,0.0
2442,jockey,species,0.0,0.0
2443,jockey,state,0.0,0.0
2444,jockey,status,0.0,0.0
2445,jockey,symbol,0.0,0.0
2446,jockey,team,0.0,0.0
2447,jockey,teamName,0.0,0.0
2448,jockey,type,0.0,0.0
2449,jockey,weight,63.0,4.1588830833596715
2450,jockey,year,1.0,0.6931471805599453
2451,language,language,0.0,0.0
2452,language,location,15.0,2.772588722239781
2453,language,manufacturer,0.0,0.0
2454,language,name,58.0,4.07753744390572
2455,language,nationality,0.0,0.0
2456,language,notes,0.0,0.0
2457,language,operator,0.0,0.0
2458,language,order,0.0,0.0
2459,language,organisation,0.0,0.0
2460,language,origin,32.0,3.4965075614664802
2461,language,owner,0.0,0.0
2462,language,person,0.0,0.0
2463,language,plays,0.0,0.0
2464,language,position,0.0,0.0
2465,language,product,61.0,4.127134385045092
2466,language,publisher,0.0,0.0
2467,language,range,0.0,0.0
2468,language,rank,1.0,0.6931471805599453
2469,language,ranking,0.0,0.0
2470,language,region,1.0,0.6931471805599453
2471,language,religion,0.0,0.0
2472,language,requirement,0.0,0.0
2473,language,result,0.0,0.0
2474,language,sales,0.0,0.0
2475,language,service,0.0,0.0
2476,language,sex,0.0,0.0
2477,language,species,0.0,0.0
2478,language,state,0.0,0.0
2479,language,status,10.0,2.3978952727983707
2480,language,symbol,0.0,0.0
2481,language,team,0.0,0.0
2482,language,teamName,0.0,0.0
2483,language,type,8.0,2.1972245773362196
2484,language,weight,0.0,0.0
2485,language,year,5.0,1.791759469228055
2486,location,location,0.0,0.0
2487,location,manufacturer,0.0,0.0
2488,location,name,269.0,5.598421958998375
2489,location,nationality,0.0,0.0
2490,location,notes,529.0,6.272877006546167
2491,location,operator,21.0,3.091042453358316
2492,location,order,0.0,0.0
2493,location,organisation,1.0,0.6931471805599453
2494,location,origin,0.0,0.0
2495,location,owner,5.0,1.791759469228055
2496,location,person,0.0,0.0
2497,location,plays,0.0,0.0
2498,location,position,23.0,3.1780538303479458
2499,location,product,1.0,0.6931471805599453
2500,location,publisher,0.0,0.0
2501,location,range,0.0,0.0
2502,location,rank,48.0,3.8918202981106265
2503,location,ranking,4.0,1.6094379124341003
2504,location,region,3.0,1.3862943611198906
2505,location,religion,0.0,0.0
2506,location,requirement,0.0,0.0
2507,location,result,484.0,6.184148890937483
2508,location,sales,0.0,0.0
2509,location,service,6.0,1.9459101490553132
2510,location,sex,3.0,1.3862943611198906
2511,location,species,8.0,2.1972245773362196
2512,location,state,6.0,1.9459101490553132
2513,location,status,1030.0,6.93828448401696
2514,location,symbol,0.0,0.0
2515,location,team,127.0,4.852030263919617
2516,location,teamName,0.0,0.0
2517,location,type,172.0,5.153291594497779
2518,location,weight,0.0,0.0
2519,location,year,40.0,3.713572066704308
2520,manufacturer,manufacturer,0.0,0.0
2521,manufacturer,name,6.0,1.9459101490553132
2522,manufacturer,nationality,0.0,0.0
2523,manufacturer,notes,31.0,3.4657359027997265
2524,manufacturer,operator,2.0,1.0986122886681098
2525,manufacturer,order,1.0,0.6931471805599453
2526,manufacturer,organisation,0.0,0.0
2527,manufacturer,origin,0.0,0.0
2528,manufacturer,owner,0.0,0.0
2529,manufacturer,person,0.0,0.0
2530,manufacturer,plays,0.0,0.0
2531,manufacturer,position,0.0,0.0
2532,manufacturer,product,1.0,0.6931471805599453
2533,manufacturer,publisher,0.0,0.0
2534,manufacturer,range,0.0,0.0
2535,manufacturer,rank,0.0,0.0
2536,manufacturer,ranking,0.0,0.0
2537,manufacturer,region,0.0,0.0
2538,manufacturer,religion,0.0,0.0
2539,manufacturer,requirement,0.0,0.0
2540,manufacturer,result,0.0,0.0
2541,manufacturer,sales,0.0,0.0
2542,manufacturer,service,0.0,0.0
2543,manufacturer,sex,0.0,0.0
2544,manufacturer,species,0.0,0.0
2545,manufacturer,state,0.0,0.0
2546,manufacturer,status,0.0,0.0
2547,manufacturer,symbol,0.0,0.0
2548,manufacturer,team,0.0,0.0
2549,manufacturer,teamName,0.0,0.0
2550,manufacturer,type,12.0,2.5649493574615367
2551,manufacturer,weight,3.0,1.3862943611198906
2552,manufacturer,year,9.0,2.302585092994046
2553,name,name,1.0,0.6931471805599453
2554,name,nationality,16.0,2.833213344056216
2555,name,notes,133.0,4.897839799950911
2556,name,operator,0.0,0.0
2557,name,order,0.0,0.0
2558,name,organisation,0.0,0.0
2559,name,origin,37.0,3.6375861597263857
2560,name,owner,69.0,4.248495242049359
2561,name,person,0.0,0.0
2562,name,plays,7.0,2.0794415416798357
2563,name,position,377.0,5.934894195619588
2564,name,product,2.0,1.0986122886681098
2565,name,publisher,1.0,0.6931471805599453
2566,name,range,5.0,1.791759469228055
2567,name,rank,804.0,6.690842277418564
2568,name,ranking,4.0,1.6094379124341003
2569,name,region,13.0,2.6390573296152584
2570,name,religion,0.0,0.0
2571,name,requirement,0.0,0.0
2572,name,result,11.0,2.4849066497880004
2573,name,sales,0.0,0.0
2574,name,service,2.0,1.0986122886681098
2575,name,sex,327.0,5.793013608384144
2576,name,species,6.0,1.9459101490553132
2577,name,state,290.0,5.673323267171493
2578,name,status,276.0,5.6240175061873385
2579,name,symbol,20.0,3.044522437723423
2580,name,team,1135.0,7.035268599281097
2581,name,teamName,0.0,0.0
2582,name,type,879.0,6.779921907472252
2583,name,weight,77.0,4.356708826689592
2584,name,year,838.0,6.732210706467206
2585,nationality,nationality,0.0,0.0
2586,nationality,notes,1.0,0.6931471805599453
2587,nationality,operator,0.0,0.0
2588,nationality,order,0.0,0.0
2589,nationality,organisation,0.0,0.0
2590,nationality,origin,0.0,0.0
2591,nationality,owner,0.0,0.0
2592,nationality,person,0.0,0.0
2593,nationality,plays,0.0,0.0
2594,nationality,position,3.0,1.3862943611198906
2595,nationality,product,0.0,0.0
2596,nationality,publisher,0.0,0.0
2597,nationality,range,0.0,0.0
2598,nationality,rank,41.0,3.7376696182833684
2599,nationality,ranking,0.0,0.0
2600,nationality,region,0.0,0.0
2601,nationality,religion,0.0,0.0
2602,nationality,requirement,0.0,0.0
2603,nationality,result,8.0,2.1972245773362196
2604,nationality,sales,0.0,0.0
2605,nationality,service,0.0,0.0
2606,nationality,sex,0.0,0.0
2607,nationality,species,0.0,0.0
2608,nationality,state,0.0,0.0
2609,nationality,status,4.0,1.6094379124341003
2610,nationality,symbol,0.0,0.0
2611,nationality,team,12.0,2.5649493574615367
2612,nationality,teamName,0.0,0.0
2613,nationality,type,0.0,0.0
2614,nationality,weight,2.0,1.0986122886681098
2615,nationality,year,0.0,0.0
2616,notes,notes,0.0,0.0
2617,notes,operator,0.0,0.0
2618,notes,order,0.0,0.0
2619,notes,organisation,0.0,0.0
2620,notes,origin,0.0,0.0
2621,notes,owner,2.0,1.0986122886681098
2622,notes,person,1.0,0.6931471805599453
2623,notes,plays,0.0,0.0
2624,notes,position,20.0,3.044522437723423
2625,notes,product,3.0,1.3862943611198906
2626,notes,publisher,2.0,1.0986122886681098
2627,notes,range,0.0,0.0
2628,notes,rank,4.0,1.6094379124341003
2629,notes,ranking,0.0,0.0
2630,notes,region,0.0,0.0
2631,notes,religion,0.0,0.0
2632,notes,requirement,1.0,0.6931471805599453
2633,notes,result,7.0,2.0794415416798357
2634,notes,sales,0.0,0.0
2635,notes,service,0.0,0.0
2636,notes,sex,0.0,0.0
2637,notes,species,0.0,0.0
2638,notes,state,2.0,1.0986122886681098
2639,notes,status,33.0,3.5263605246161616
2640,notes,symbol,4.0,1.6094379124341003
2641,notes,team,9.0,2.302585092994046
2642,notes,teamName,0.0,0.0
2643,notes,type,59.0,4.0943445622221
2644,notes,weight,3.0,1.3862943611198906
2645,notes,year,79.0,4.382026634673881
2646,operator,operator,0.0,0.0
2647,operator,order,0.0,0.0
2648,operator,organisation,0.0,0.0
2649,operator,origin,0.0,0.0
2650,operator,owner,0.0,0.0
2651,operator,person,0.0,0.0
2652,operator,plays,0.0,0.0
2653,operator,position,0.0,0.0
2654,operator,product,0.0,0.0
2655,operator,publisher,0.0,0.0
2656,operator,range,0.0,0.0
2657,operator,rank,0.0,0.0
2658,operator,ranking,0.0,0.0
2659,operator,region,0.0,0.0
2660,operator,religion,0.0,0.0
2661,operator,requirement,0.0,0.0
2662,operator,result,3.0,1.3862943611198906
2663,operator,sales,0.0,0.0
2664,operator,service,0.0,0.0
2665,operator,sex,0.0,0.0
2666,operator,species,0.0,0.0
2667,operator,state,0.0,0.0
2668,operator,status,0.0,0.0
2669,operator,symbol,0.0,0.0
2670,operator,team,0.0,0.0
2671,operator,teamName,0.0,0.0
2672,operator,type,19.0,2.995732273553991
2673,operator,weight,0.0,0.0
2674,operator,year,0.0,0.0
2675,order,order,1.0,0.6931471805599453
2676,order,organisation,0.0,0.0
2677,order,origin,0.0,0.0
2678,order,owner,0.0,0.0
2679,order,person,0.0,0.0
2680,order,plays,0.0,0.0
2681,order,position,0.0,0.0
2682,order,product,0.0,0.0
2683,order,publisher,0.0,0.0
2684,order,range,0.0,0.0
2685,order,rank,0.0,0.0
2686,order,ranking,0.0,0.0
2687,order,region,0.0,0.0
2688,order,religion,0.0,0.0
2689,order,requirement,0.0,0.0
2690,order,result,15.0,2.772588722239781
2691,order,sales,0.0,0.0
2692,order,service,0.0,0.0
2693,order,sex,0.0,0.0
2694,order,species,0.0,0.0
2695,order,state,0.0,0.0
2696,order,status,0.0,0.0
2697,order,symbol,0.0,0.0
2698,order,team,1.0,0.6931471805599453
2699,order,teamName,0.0,0.0
2700,order,type,4.0,1.6094379124341003
2701,order,weight,4.0,1.6094379124341003
2702,order,year,7.0,2.0794415416798357
2703,organisation,organisation,0.0,0.0
2704,organisation,origin,0.0,0.0
2705,organisation,owner,0.0,0.0
2706,organisation,person,0.0,0.0
2707,organisation,plays,0.0,0.0
2708,organisation,position,1.0,0.6931471805599453
2709,organisation,product,0.0,0.0
2710,organisation,publisher,0.0,0.0
2711,organisation,range,0.0,0.0
2712,organisation,rank,0.0,0.0
2713,organisation,ranking,0.0,0.0
2714,organisation,region,0.0,0.0
2715,organisation,religion,0.0,0.0
2716,organisation,requirement,0.0,0.0
2717,organisation,result,0.0,0.0
2718,organisation,sales,0.0,0.0
2719,organisation,service,0.0,0.0
2720,organisation,sex,0.0,0.0
2721,organisation,species,0.0,0.0
2722,organisation,state,0.0,0.0
2723,organisation,status,0.0,0.0
2724,organisation,symbol,0.0,0.0
2725,organisation,team,0.0,0.0
2726,organisation,teamName,0.0,0.0
2727,organisation,type,0.0,0.0
2728,organisation,weight,0.0,0.0
2729,organisation,year,0.0,0.0
2730,origin,origin,0.0,0.0
2731,origin,owner,0.0,0.0
2732,origin,person,0.0,0.0
2733,origin,plays,0.0,0.0
2734,origin,position,0.0,0.0
2735,origin,product,1.0,0.6931471805599453
2736,origin,publisher,0.0,0.0
2737,origin,range,0.0,0.0
2738,origin,rank,8.0,2.1972245773362196
2739,origin,ranking,0.0,0.0
2740,origin,region,0.0,0.0
2741,origin,religion,1.0,0.6931471805599453
2742,origin,requirement,0.0,0.0
2743,origin,result,0.0,0.0
2744,origin,sales,0.0,0.0
2745,origin,service,0.0,0.0
2746,origin,sex,2.0,1.0986122886681098
2747,origin,species,0.0,0.0
2748,origin,state,0.0,0.0
2749,origin,status,1.0,0.6931471805599453
2750,origin,symbol,0.0,0.0
2751,origin,team,0.0,0.0
2752,origin,teamName,0.0,0.0
2753,origin,type,10.0,2.3978952727983707
2754,origin,weight,0.0,0.0
2755,origin,year,0.0,0.0
2756,owner,owner,0.0,0.0
2757,owner,person,0.0,0.0
2758,owner,plays,0.0,0.0
2759,owner,position,0.0,0.0
2760,owner,product,0.0,0.0
2761,owner,publisher,0.0,0.0
2762,owner,range,0.0,0.0
2763,owner,rank,2.0,1.0986122886681098
2764,owner,ranking,0.0,0.0
2765,owner,region,0.0,0.0
2766,owner,religion,0.0,0.0
2767,owner,requirement,0.0,0.0
2768,owner,result,0.0,0.0
2769,owner,sales,0.0,0.0
2770,owner,service,0.0,0.0
2771,owner,sex,1.0,0.6931471805599453
2772,owner,species,1.0,0.6931471805599453
2773,owner,state,0.0,0.0
2774,owner,status,41.0,3.7376696182833684
2775,owner,symbol,0.0,0.0
2776,owner,team,0.0,0.0
2777,owner,teamName,1.0,0.6931471805599453
2778,owner,type,56.0,4.04305126783455
2779,owner,weight,0.0,0.0
2780,owner,year,1.0,0.6931471805599453
2781,person,person,0.0,0.0
2782,person,plays,0.0,0.0
2783,person,position,1.0,0.6931471805599453
2784,person,product,0.0,0.0
2785,person,publisher,0.0,0.0
2786,person,range,0.0,0.0
2787,person,rank,0.0,0.0
2788,person,ranking,0.0,0.0
2789,person,region,0.0,0.0
2790,person,religion,0.0,0.0
2791,person,requirement,0.0,0.0
2792,person,result,0.0,0.0
2793,person,sales,0.0,0.0
2794,person,service,0.0,0.0
2795,person,sex,0.0,0.0
2796,person,species,0.0,0.0
2797,person,state,0.0,0.0
2798,person,status,0.0,0.0
2799,person,symbol,0.0,0.0
2800,person,team,0.0,0.0
2801,person,teamName,0.0,0.0
2802,person,type,0.0,0.0
2803,person,weight,0.0,0.0
2804,person,year,2.0,1.0986122886681098
2805,plays,plays,0.0,0.0
2806,plays,position,0.0,0.0
2807,plays,product,0.0,0.0
2808,plays,publisher,0.0,0.0
2809,plays,range,0.0,0.0
2810,plays,rank,20.0,3.044522437723423
2811,plays,ranking,0.0,0.0
2812,plays,region,0.0,0.0
2813,plays,religion,0.0,0.0
2814,plays,requirement,0.0,0.0
2815,plays,result,64.0,4.174387269895637
2816,plays,sales,0.0,0.0
2817,plays,service,0.0,0.0
2818,plays,sex,0.0,0.0
2819,plays,species,0.0,0.0
2820,plays,state,0.0,0.0
2821,plays,status,0.0,0.0
2822,plays,symbol,0.0,0.0
2823,plays,team,31.0,3.4657359027997265
2824,plays,teamName,0.0,0.0
2825,plays,type,0.0,0.0
2826,plays,weight,0.0,0.0
2827,plays,year,19.0,2.995732273553991
2828,position,position,0.0,0.0
2829,position,product,0.0,0.0
2830,position,publisher,2.0,1.0986122886681098
2831,position,range,0.0,0.0
2832,position,rank,11.0,2.4849066497880004
2833,position,ranking,1.0,0.6931471805599453
2834,position,region,0.0,0.0
2835,position,religion,0.0,0.0
2836,position,requirement,0.0,0.0
2837,position,result,4.0,1.6094379124341003
2838,position,sales,0.0,0.0
2839,position,service,0.0,0.0
2840,position,sex,0.0,0.0
2841,position,species,0.0,0.0
2842,position,state,4.0,1.6094379124341003
2843,position,status,5.0,1.791759469228055
2844,position,symbol,18.0,2.9444389791664403
2845,position,team,73.0,4.30406509320417
2846,position,teamName,1.0,0.6931471805599453
2847,position,type,29.0,3.4011973816621555
2848,position,weight,22.0,3.1354942159291497
2849,position,year,34.0,3.5553480614894135
2850,product,product,0.0,0.0
2851,product,publisher,0.0,0.0
2852,product,range,0.0,0.0
2853,product,rank,0.0,0.0
2854,product,ranking,0.0,0.0
2855,product,region,2.0,1.0986122886681098
2856,product,religion,0.0,0.0
2857,product,requirement,0.0,0.0
2858,product,result,0.0,0.0
2859,product,sales,0.0,0.0
2860,product,service,0.0,0.0
2861,product,sex,0.0,0.0
2862,product,species,0.0,0.0
2863,product,state,0.0,0.0
2864,product,status,0.0,0.0
2865,product,symbol,0.0,0.0
2866,product,team,0.0,0.0
2867,product,teamName,0.0,0.0
2868,product,type,2.0,1.0986122886681098
2869,product,weight,1.0,0.6931471805599453
2870,product,year,1.0,0.6931471805599453
2871,publisher,publisher,0.0,0.0
2872,publisher,range,0.0,0.0
2873,publisher,rank,13.0,2.6390573296152584
2874,publisher,ranking,0.0,0.0
2875,publisher,region,87.0,4.477336814478207
2876,publisher,religion,0.0,0.0
2877,publisher,requirement,0.0,0.0
2878,publisher,result,0.0,0.0
2879,publisher,sales,0.0,0.0
2880,publisher,service,0.0,0.0
2881,publisher,sex,0.0,0.0
2882,publisher,species,0.0,0.0
2883,publisher,state,0.0,0.0
2884,publisher,status,1.0,0.6931471805599453
2885,publisher,symbol,0.0,0.0
2886,publisher,team,0.0,0.0
2887,publisher,teamName,0.0,0.0
2888,publisher,type,4.0,1.6094379124341003
2889,publisher,weight,0.0,0.0
2890,publisher,year,1.0,0.6931471805599453
2891,range,range,0.0,0.0
2892,range,rank,29.0,3.4011973816621555
2893,range,ranking,1.0,0.6931471805599453
2894,range,region,0.0,0.0
2895,range,religion,0.0,0.0
2896,range,requirement,0.0,0.0
2897,range,result,0.0,0.0
2898,range,sales,0.0,0.0
2899,range,service,0.0,0.0
2900,range,sex,0.0,0.0
2901,range,species,0.0,0.0
2902,range,state,1.0,0.6931471805599453
2903,range,status,0.0,0.0
2904,range,symbol,1.0,0.6931471805599453
2905,range,team,0.0,0.0
2906,range,teamName,0.0,0.0
2907,range,type,5.0,1.791759469228055
2908,range,weight,0.0,0.0
2909,range,year,1.0,0.6931471805599453
2910,rank,rank,1.0,0.6931471805599453
2911,rank,ranking,0.0,0.0
2912,rank,region,7.0,2.0794415416798357
2913,rank,religion,0.0,0.0
2914,rank,requirement,0.0,0.0
2915,rank,result,579.0,6.363028103540465
2916,rank,sales,0.0,0.0
2917,rank,service,0.0,0.0
2918,rank,sex,1.0,0.6931471805599453
2919,rank,species,0.0,0.0
2920,rank,state,44.0,3.8066624897703196
2921,rank,status,28.0,3.367295829986474
2922,rank,symbol,7.0,2.0794415416798357
2923,rank,team,616.0,6.424869023905388
2924,rank,teamName,9.0,2.302585092994046
2925,rank,type,3.0,1.3862943611198906
2926,rank,weight,15.0,2.772588722239781
2927,rank,year,244.0,5.501258210544727
2928,ranking,ranking,0.0,0.0
2929,ranking,region,2.0,1.0986122886681098
2930,ranking,religion,0.0,0.0
2931,ranking,requirement,0.0,0.0
2932,ranking,result,0.0,0.0
2933,ranking,sales,0.0,0.0
2934,ranking,service,0.0,0.0
2935,ranking,sex,0.0,0.0
2936,ranking,species,0.0,0.0
2937,ranking,state,0.0,0.0
2938,ranking,status,0.0,0.0
2939,ranking,symbol,0.0,0.0
2940,ranking,team,3.0,1.3862943611198906
2941,ranking,teamName,0.0,0.0
2942,ranking,type,0.0,0.0
2943,ranking,weight,0.0,0.0
2944,ranking,year,4.0,1.6094379124341003
2945,region,region,0.0,0.0
2946,region,religion,0.0,0.0
2947,region,requirement,0.0,0.0
2948,region,result,0.0,0.0
2949,region,sales,1.0,0.6931471805599453
2950,region,service,0.0,0.0
2951,region,sex,0.0,0.0
2952,region,species,0.0,0.0
2953,region,state,1.0,0.6931471805599453
2954,region,status,2.0,1.0986122886681098
2955,region,symbol,0.0,0.0
2956,region,team,6.0,1.9459101490553132
2957,region,teamName,0.0,0.0
2958,region,type,4.0,1.6094379124341003
2959,region,weight,0.0,0.0
2960,region,year,7.0,2.0794415416798357
2961,religion,religion,0.0,0.0
2962,religion,requirement,0.0,0.0
2963,religion,result,0.0,0.0
2964,religion,sales,0.0,0.0
2965,religion,service,0.0,0.0
2966,religion,sex,1.0,0.6931471805599453
2967,religion,species,0.0,0.0
2968,religion,state,0.0,0.0
2969,religion,status,0.0,0.0
2970,religion,symbol,0.0,0.0
2971,religion,team,0.0,0.0
2972,religion,teamName,0.0,0.0
2973,religion,type,0.0,0.0
2974,religion,weight,0.0,0.0
2975,religion,year,0.0,0.0
2976,requirement,requirement,0.0,0.0
2977,requirement,result,0.0,0.0
2978,requirement,sales,0.0,0.0
2979,requirement,service,0.0,0.0
2980,requirement,sex,0.0,0.0
2981,requirement,species,0.0,0.0
2982,requirement,state,0.0,0.0
2983,requirement,status,0.0,0.0
2984,requirement,symbol,0.0,0.0
2985,requirement,team,0.0,0.0
2986,requirement,teamName,0.0,0.0
2987,requirement,type,0.0,0.0
2988,requirement,weight,0.0,0.0
2989,requirement,year,0.0,0.0
2990,result,result,0.0,0.0
2991,result,sales,0.0,0.0
2992,result,service,0.0,0.0
2993,result,sex,0.0,0.0
2994,result,species,0.0,0.0
2995,result,state,1.0,0.6931471805599453
2996,result,status,180.0,5.198497031265826
2997,result,symbol,0.0,0.0
2998,result,team,191.0,5.2574953720277815
2999,result,teamName,0.0,0.0
3000,result,type,98.0,4.59511985013459
3001,result,weight,1.0,0.6931471805599453
3002,result,year,57.0,4.060443010546419
3003,sales,sales,0.0,0.0
3004,sales,service,1.0,0.6931471805599453
3005,sales,sex,0.0,0.0
3006,sales,species,0.0,0.0
3007,sales,state,0.0,0.0
3008,sales,status,0.0,0.0
3009,sales,symbol,1.0,0.6931471805599453
3010,sales,team,0.0,0.0
3011,sales,teamName,0.0,0.0
3012,sales,type,21.0,3.091042453358316
3013,sales,weight,0.0,0.0
3014,sales,year,0.0,0.0
3015,service,service,0.0,0.0
3016,service,sex,0.0,0.0
3017,service,species,0.0,0.0
3018,service,state,0.0,0.0
3019,service,status,1.0,0.6931471805599453
3020,service,symbol,0.0,0.0
3021,service,team,0.0,0.0
3022,service,teamName,0.0,0.0
3023,service,type,1.0,0.6931471805599453
3024,service,weight,0.0,0.0
3025,service,year,0.0,0.0
3026,sex,sex,0.0,0.0
3027,sex,species,4.0,1.6094379124341003
3028,sex,state,8.0,2.1972245773362196
3029,sex,status,1.0,0.6931471805599453
3030,sex,symbol,0.0,0.0
3031,sex,team,0.0,0.0
3032,sex,teamName,0.0,0.0
3033,sex,type,0.0,0.0
3034,sex,weight,0.0,0.0
3035,sex,year,0.0,0.0
3036,species,species,0.0,0.0
3037,species,state,1.0,0.6931471805599453
3038,species,status,2.0,1.0986122886681098
3039,species,symbol,2.0,1.0986122886681098
3040,species,team,0.0,0.0
3041,species,teamName,0.0,0.0
3042,species,type,1.0,0.6931471805599453
3043,species,weight,9.0,2.302585092994046
3044,species,year,6.0,1.9459101490553132
3045,state,state,1.0,0.6931471805599453
3046,state,status,108.0,4.6913478822291435
3047,state,symbol,0.0,0.0
3048,state,team,3.0,1.3862943611198906
3049,state,teamName,0.0,0.0
3050,state,type,27.0,3.332204510175204
3051,state,weight,0.0,0.0
3052,state,year,10.0,2.3978952727983707
3053,status,status,0.0,0.0
3054,status,symbol,0.0,0.0
3055,status,team,214.0,5.3706380281276624
3056,status,teamName,0.0,0.0
3057,status,type,380.0,5.942799375126701
3058,status,weight,3.0,1.3862943611198906
3059,status,year,452.0,6.115892125483034
3060,symbol,symbol,0.0,0.0
3061,symbol,team,0.0,0.0
3062,symbol,teamName,0.0,0.0
3063,symbol,type,8.0,2.1972245773362196
3064,symbol,weight,0.0,0.0
3065,symbol,year,0.0,0.0
3066,team,team,0.0,0.0
3067,team,teamName,9.0,2.302585092994046
3068,team,type,60.0,4.110873864173311
3069,team,weight,2.0,1.0986122886681098
3070,team,year,870.0,6.769641976852503
3071,teamName,teamName,0.0,0.0
3072,teamName,type,0.0,0.0
3073,teamName,weight,0.0,0.0
3074,teamName,year,34.0,3.5553480614894135
3075,type,type,0.0,0.0
3076,type,weight,8.0,2.1972245773362196
3077,type,year,681.0,6.525029657843462
3078,weight,weight,612.0,6.418364935936212
3079,weight,year,50.0,3.9318256327243257
3080,year,year,0.0,0.0
